"alter","ego"
"0IXz-027c071f-30d2-46af-9b68-6b9553137493","CWAd-0ff87703-74f3-43b7-8902-b63272ee8f37"
"0IXz-027c071f-30d2-46af-9b68-6b9553137493","YAzv-c36d6cd8-9afa-458f-9a32-3b8b9f84c4c8"
"0IXz-027c071f-30d2-46af-9b68-6b9553137493","CWAd-a415fea2-4a99-49b3-9107-2a403011fc85"
"0IXz-027c071f-30d2-46af-9b68-6b9553137493","0IXz-c765a17f-e799-4e5c-8f8a-c5f8eff4f16d"
"0IXz-027c071f-30d2-46af-9b68-6b9553137493","85d85ab3-da5d-472c-b746-fa2eace6eadf"
"0IXz-027c071f-30d2-46af-9b68-6b9553137493","CWAd-0ff87703-74f3-43b7-8902-b63272ee8f37"
"0IXz-027c071f-30d2-46af-9b68-6b9553137493","CWAd-0ff87703-74f3-43b7-8902-b63272ee8f37"
"0IXz-027c071f-30d2-46af-9b68-6b9553137493","YAzv-b7fe7e71-54fe-4c1f-aae8-3f0b5a01cf4d"
"0IXz-027c071f-30d2-46af-9b68-6b9553137493","YAzv-e8d983a1-7cd9-4fd4-ad15-190068bf68f2"
"0IXz-027c071f-30d2-46af-9b68-6b9553137493","2F9O-9c1718ec-f65c-46d6-8dc4-dbb0e878c31d"
"0IXz-027c071f-30d2-46af-9b68-6b9553137493","YAzv-c36d6cd8-9afa-458f-9a32-3b8b9f84c4c8"
"0IXz-027c071f-30d2-46af-9b68-6b9553137493","2F9O-9c1718ec-f65c-46d6-8dc4-dbb0e878c31d"
"0IXz-027c071f-30d2-46af-9b68-6b9553137493","2F9O-9c1718ec-f65c-46d6-8dc4-dbb0e878c31d"
"0IXz-027c071f-30d2-46af-9b68-6b9553137493","CWAd-3547bed4-f2a6-4d77-94c2-63f4bd48d0d8"
"0IXz-027c071f-30d2-46af-9b68-6b9553137493","0IXz-c765a17f-e799-4e5c-8f8a-c5f8eff4f16d"
"0IXz-027c071f-30d2-46af-9b68-6b9553137493","YAzv-e8d983a1-7cd9-4fd4-ad15-190068bf68f2"
"0IXz-1a27d0a9-2ecd-4a20-9352-f07c6f5f3ec9","hWAl-df68540e-0ded-4d0d-9ee3-5458cfb92f5d"
"0IXz-1a27d0a9-2ecd-4a20-9352-f07c6f5f3ec9","hWAl-08917898-2864-4ca1-9b7e-a7b9e6b31733"
"0IXz-1a27d0a9-2ecd-4a20-9352-f07c6f5f3ec9","dmVZ-dfd8d68e-0710-4c99-9a59-0d702c850bca"
"0IXz-1a27d0a9-2ecd-4a20-9352-f07c6f5f3ec9","hWAl-08917898-2864-4ca1-9b7e-a7b9e6b31733"
"0IXz-1a27d0a9-2ecd-4a20-9352-f07c6f5f3ec9","CWAd-a415fea2-4a99-49b3-9107-2a403011fc85"
"0IXz-1a27d0a9-2ecd-4a20-9352-f07c6f5f3ec9","hWAl-8be6cf73-6fa9-4662-81c8-f200ccefb0c6"
"0IXz-1a27d0a9-2ecd-4a20-9352-f07c6f5f3ec9","hWAl-c1870dc4-1413-433c-bf02-bd0e2ea46533"
"0IXz-1a27d0a9-2ecd-4a20-9352-f07c6f5f3ec9","dmVZ-dfd8d68e-0710-4c99-9a59-0d702c850bca"
"0IXz-1a27d0a9-2ecd-4a20-9352-f07c6f5f3ec9","hWAl-08917898-2864-4ca1-9b7e-a7b9e6b31733"
"0IXz-1a27d0a9-2ecd-4a20-9352-f07c6f5f3ec9","hWAl-43e484c1-c829-4628-a573-d45c29d34f3b"
"0IXz-1a27d0a9-2ecd-4a20-9352-f07c6f5f3ec9","dmVZ-dfd8d68e-0710-4c99-9a59-0d702c850bca"
"0IXz-1a27d0a9-2ecd-4a20-9352-f07c6f5f3ec9","DnZh-8aaccad0-628d-493e-b8f4-0431e69fffcd"
"0IXz-1a27d0a9-2ecd-4a20-9352-f07c6f5f3ec9","uiGT-2b697180-9a22-4232-a053-e3ec5e66ccf5"
"0IXz-1a27d0a9-2ecd-4a20-9352-f07c6f5f3ec9","uiGT-2b697180-9a22-4232-a053-e3ec5e66ccf5"
"0IXz-1a27d0a9-2ecd-4a20-9352-f07c6f5f3ec9","uiGT-2b697180-9a22-4232-a053-e3ec5e66ccf5"
"0IXz-1a27d0a9-2ecd-4a20-9352-f07c6f5f3ec9","hWAl-8f39221b-3c54-44c1-a0df-a15164cea748"
"0IXz-5a7b4cdd-cdb4-4388-b27a-ee7e1aba91d8","0IXz-027c071f-30d2-46af-9b68-6b9553137493"
"0IXz-5a7b4cdd-cdb4-4388-b27a-ee7e1aba91d8","0IXz-c765a17f-e799-4e5c-8f8a-c5f8eff4f16d"
"0IXz-5a7b4cdd-cdb4-4388-b27a-ee7e1aba91d8","CWAd-3547bed4-f2a6-4d77-94c2-63f4bd48d0d8"
"0IXz-5a7b4cdd-cdb4-4388-b27a-ee7e1aba91d8","YAzv-b7fe7e71-54fe-4c1f-aae8-3f0b5a01cf4d"
"0IXz-5a7b4cdd-cdb4-4388-b27a-ee7e1aba91d8","CWAd-3547bed4-f2a6-4d77-94c2-63f4bd48d0d8"
"0IXz-c765a17f-e799-4e5c-8f8a-c5f8eff4f16d","YAzv-b7fe7e71-54fe-4c1f-aae8-3f0b5a01cf4d"
"0IXz-c765a17f-e799-4e5c-8f8a-c5f8eff4f16d","hWAl-8f39221b-3c54-44c1-a0df-a15164cea748"
"145q-537882ba-339c-456f-a4e9-657378323133","2F9O-9c1718ec-f65c-46d6-8dc4-dbb0e878c31d"
"145q-537882ba-339c-456f-a4e9-657378323133","9d3e311f-8f43-46e1-b37a-e6a90a379567"
"145q-537882ba-339c-456f-a4e9-657378323133","CfVZ-ace094d1-5c4f-4165-8a62-6eb1a72f0604"
"145q-537882ba-339c-456f-a4e9-657378323133","CWAd-3547bed4-f2a6-4d77-94c2-63f4bd48d0d8"
"145q-537882ba-339c-456f-a4e9-657378323133","CfVZ-f15f9c19-0576-4667-900b-5d32bb69f711"
"145q-537882ba-339c-456f-a4e9-657378323133","CfVZ-b71c3598-83f9-43ef-9177-dfb0bb9b0350"
"145q-537882ba-339c-456f-a4e9-657378323133","145q-b4e45d67-12ef-499a-b445-19fbf454c2b9"
"145q-537882ba-339c-456f-a4e9-657378323133","85d85ab3-da5d-472c-b746-fa2eace6eadf"
"145q-537882ba-339c-456f-a4e9-657378323133","2F9O-92f2e48f-7e34-496c-8672-fe1b949605b1"
"145q-537882ba-339c-456f-a4e9-657378323133","2F9O-9c1718ec-f65c-46d6-8dc4-dbb0e878c31d"
"145q-537882ba-339c-456f-a4e9-657378323133","145q-b4e45d67-12ef-499a-b445-19fbf454c2b9"
"145q-537882ba-339c-456f-a4e9-657378323133","CfVZ-0e97f6b4-9fd0-4375-aebe-36efbcda67cc"
"145q-537882ba-339c-456f-a4e9-657378323133","145q-b4e45d67-12ef-499a-b445-19fbf454c2b9"
"145q-7f4867c7-a4e1-47e8-9b7c-2d98a4294cdb","CWAd-b19af51a-9ee1-4714-b4c0-5c002cceb225"
"145q-7f4867c7-a4e1-47e8-9b7c-2d98a4294cdb","1ea3cd4b-6591-4539-b928-ae452db306a0"
"145q-7f4867c7-a4e1-47e8-9b7c-2d98a4294cdb","GAsE-6c39ef00-e1ed-40c1-bec1-fce96d53d41c"
"145q-7f4867c7-a4e1-47e8-9b7c-2d98a4294cdb","CfVZ-8b9d11ff-ad5b-4ac9-b0a3-6754a66949e0"
"145q-b4e45d67-12ef-499a-b445-19fbf454c2b9","145q-537882ba-339c-456f-a4e9-657378323133"
"145q-b4e45d67-12ef-499a-b445-19fbf454c2b9","145q-537882ba-339c-456f-a4e9-657378323133"
"145q-b4e45d67-12ef-499a-b445-19fbf454c2b9","CfVZ-0e97f6b4-9fd0-4375-aebe-36efbcda67cc"
"145q-b4e45d67-12ef-499a-b445-19fbf454c2b9","DnZh-9c178223-eaf9-447c-86db-538eb7640349"
"145q-b4e45d67-12ef-499a-b445-19fbf454c2b9","145q-537882ba-339c-456f-a4e9-657378323133"
"145q-b4e45d67-12ef-499a-b445-19fbf454c2b9","d1e4d858-5053-4856-88ef-8297c096f79f"
"145q-b67de022-c85b-4b04-8c04-34c98b11d2b5","sVXR-65371cdc-48dc-449d-b04c-4cc0812a26b9"
"145q-b67de022-c85b-4b04-8c04-34c98b11d2b5","nYXq-3c0df512-10a4-4556-9ff9-cad6fc511823"
"145q-b67de022-c85b-4b04-8c04-34c98b11d2b5","sVXR-65371cdc-48dc-449d-b04c-4cc0812a26b9"
"145q-b67de022-c85b-4b04-8c04-34c98b11d2b5","nYXq-3c0df512-10a4-4556-9ff9-cad6fc511823"
"145q-b67de022-c85b-4b04-8c04-34c98b11d2b5","nYXq-3c0df512-10a4-4556-9ff9-cad6fc511823"
"145q-b67de022-c85b-4b04-8c04-34c98b11d2b5","sVXR-0098507f-8382-401b-8910-70143691159d"
"145q-b67de022-c85b-4b04-8c04-34c98b11d2b5","sVXR-65371cdc-48dc-449d-b04c-4cc0812a26b9"
"1ea3cd4b-6591-4539-b928-ae452db306a0","d1e4d858-5053-4856-88ef-8297c096f79f"
"1ea3cd4b-6591-4539-b928-ae452db306a0","DnZh-8aaccad0-628d-493e-b8f4-0431e69fffcd"
"1ea3cd4b-6591-4539-b928-ae452db306a0","9d3e311f-8f43-46e1-b37a-e6a90a379567"
"1ea3cd4b-6591-4539-b928-ae452db306a0","d1e4d858-5053-4856-88ef-8297c096f79f"
"1ea3cd4b-6591-4539-b928-ae452db306a0","CfVZ-8b9d11ff-ad5b-4ac9-b0a3-6754a66949e0"
"1ea3cd4b-6591-4539-b928-ae452db306a0","145q-537882ba-339c-456f-a4e9-657378323133"
"1ea3cd4b-6591-4539-b928-ae452db306a0","145q-537882ba-339c-456f-a4e9-657378323133"
"1ea3cd4b-6591-4539-b928-ae452db306a0","CfVZ-ace094d1-5c4f-4165-8a62-6eb1a72f0604"
"1ea3cd4b-6591-4539-b928-ae452db306a0","hWAl-43e484c1-c829-4628-a573-d45c29d34f3b"
"1ea3cd4b-6591-4539-b928-ae452db306a0","9d3e311f-8f43-46e1-b37a-e6a90a379567"
"1ea3cd4b-6591-4539-b928-ae452db306a0","145q-537882ba-339c-456f-a4e9-657378323133"
"1ea3cd4b-6591-4539-b928-ae452db306a0","svFD-ab4db2e7-fe7e-41ca-9520-b71c6eb6ac88"
"1ea3cd4b-6591-4539-b928-ae452db306a0","svFD-ab4db2e7-fe7e-41ca-9520-b71c6eb6ac88"
"1ea3cd4b-6591-4539-b928-ae452db306a0","d1e4d858-5053-4856-88ef-8297c096f79f"
"1ea3cd4b-6591-4539-b928-ae452db306a0","CfVZ-8b9d11ff-ad5b-4ac9-b0a3-6754a66949e0"
"1ea3cd4b-6591-4539-b928-ae452db306a0","GAsE-6c39ef00-e1ed-40c1-bec1-fce96d53d41c"
"1ea3cd4b-6591-4539-b928-ae452db306a0","DnZh-8aaccad0-628d-493e-b8f4-0431e69fffcd"
"2F9O-22e6ec87-59b0-4366-ac3d-a2f80fc217f8","CfVZ-fd8acd75-610a-48d7-a41c-207a7a2b42d4"
"2F9O-22e6ec87-59b0-4366-ac3d-a2f80fc217f8","CfVZ-fd8acd75-610a-48d7-a41c-207a7a2b42d4"
"2F9O-92f2e48f-7e34-496c-8672-fe1b949605b1","2F9O-9c1718ec-f65c-46d6-8dc4-dbb0e878c31d"
"2F9O-92f2e48f-7e34-496c-8672-fe1b949605b1","4c5a8015-d3b9-451c-b8ec-7888ecfbc7ed"
"2F9O-92f2e48f-7e34-496c-8672-fe1b949605b1","CfVZ-b71c3598-83f9-43ef-9177-dfb0bb9b0350"
"2F9O-92f2e48f-7e34-496c-8672-fe1b949605b1","4c5a8015-d3b9-451c-b8ec-7888ecfbc7ed"
"2F9O-92f2e48f-7e34-496c-8672-fe1b949605b1","d1e4d858-5053-4856-88ef-8297c096f79f"
"2F9O-92f2e48f-7e34-496c-8672-fe1b949605b1","CfVZ-ace094d1-5c4f-4165-8a62-6eb1a72f0604"
"2F9O-92f2e48f-7e34-496c-8672-fe1b949605b1","85d85ab3-da5d-472c-b746-fa2eace6eadf"
"2F9O-92f2e48f-7e34-496c-8672-fe1b949605b1","145q-537882ba-339c-456f-a4e9-657378323133"
"2F9O-92f2e48f-7e34-496c-8672-fe1b949605b1","4c5a8015-d3b9-451c-b8ec-7888ecfbc7ed"
"2F9O-92f2e48f-7e34-496c-8672-fe1b949605b1","CfVZ-0e97f6b4-9fd0-4375-aebe-36efbcda67cc"
"2F9O-9c1718ec-f65c-46d6-8dc4-dbb0e878c31d","2F9O-92f2e48f-7e34-496c-8672-fe1b949605b1"
"2F9O-9c1718ec-f65c-46d6-8dc4-dbb0e878c31d","2F9O-92f2e48f-7e34-496c-8672-fe1b949605b1"
"2F9O-9c1718ec-f65c-46d6-8dc4-dbb0e878c31d","CWAd-3547bed4-f2a6-4d77-94c2-63f4bd48d0d8"
"4c5a8015-d3b9-451c-b8ec-7888ecfbc7ed","CfVZ-0e97f6b4-9fd0-4375-aebe-36efbcda67cc"
"4c5a8015-d3b9-451c-b8ec-7888ecfbc7ed","CfVZ-ace094d1-5c4f-4165-8a62-6eb1a72f0604"
"4c5a8015-d3b9-451c-b8ec-7888ecfbc7ed","CfVZ-ace094d1-5c4f-4165-8a62-6eb1a72f0604"
"4c5a8015-d3b9-451c-b8ec-7888ecfbc7ed","CfVZ-ace094d1-5c4f-4165-8a62-6eb1a72f0604"
"4c5a8015-d3b9-451c-b8ec-7888ecfbc7ed","2F9O-92f2e48f-7e34-496c-8672-fe1b949605b1"
"4c5a8015-d3b9-451c-b8ec-7888ecfbc7ed","CfVZ-0e97f6b4-9fd0-4375-aebe-36efbcda67cc"
"823ef22a-891b-4526-9a92-430603060fcd","f998f9d0-1f78-40a9-a42e-132e4a026acd"
"823ef22a-891b-4526-9a92-430603060fcd","CWAd-5cef7a85-6525-4172-84af-9601e3bc66f6"
"823ef22a-891b-4526-9a92-430603060fcd","f998f9d0-1f78-40a9-a42e-132e4a026acd"
"823ef22a-891b-4526-9a92-430603060fcd","f998f9d0-1f78-40a9-a42e-132e4a026acd"
"85d85ab3-da5d-472c-b746-fa2eace6eadf","DnZh-9c178223-eaf9-447c-86db-538eb7640349"
"85d85ab3-da5d-472c-b746-fa2eace6eadf","hWAl-43e484c1-c829-4628-a573-d45c29d34f3b"
"85d85ab3-da5d-472c-b746-fa2eace6eadf","CfVZ-f15f9c19-0576-4667-900b-5d32bb69f711"
"85d85ab3-da5d-472c-b746-fa2eace6eadf","2F9O-92f2e48f-7e34-496c-8672-fe1b949605b1"
"85d85ab3-da5d-472c-b746-fa2eace6eadf","CfVZ-0e97f6b4-9fd0-4375-aebe-36efbcda67cc"
"85d85ab3-da5d-472c-b746-fa2eace6eadf","145q-537882ba-339c-456f-a4e9-657378323133"
"9d3e311f-8f43-46e1-b37a-e6a90a379567","d1e4d858-5053-4856-88ef-8297c096f79f"
"9d3e311f-8f43-46e1-b37a-e6a90a379567","1ea3cd4b-6591-4539-b928-ae452db306a0"
"9d3e311f-8f43-46e1-b37a-e6a90a379567","d1e4d858-5053-4856-88ef-8297c096f79f"
"9d3e311f-8f43-46e1-b37a-e6a90a379567","d1e4d858-5053-4856-88ef-8297c096f79f"
"9d3e311f-8f43-46e1-b37a-e6a90a379567","1ea3cd4b-6591-4539-b928-ae452db306a0"
"9d3e311f-8f43-46e1-b37a-e6a90a379567","145q-537882ba-339c-456f-a4e9-657378323133"
"9d3e311f-8f43-46e1-b37a-e6a90a379567","svFD-ab4db2e7-fe7e-41ca-9520-b71c6eb6ac88"
"9d3e311f-8f43-46e1-b37a-e6a90a379567","svFD-ab4db2e7-fe7e-41ca-9520-b71c6eb6ac88"
"9d3e311f-8f43-46e1-b37a-e6a90a379567","svFD-ab4db2e7-fe7e-41ca-9520-b71c6eb6ac88"
"CfVZ-0e97f6b4-9fd0-4375-aebe-36efbcda67cc","DnZh-9c178223-eaf9-447c-86db-538eb7640349"
"CfVZ-0e97f6b4-9fd0-4375-aebe-36efbcda67cc","4c5a8015-d3b9-451c-b8ec-7888ecfbc7ed"
"CfVZ-0e97f6b4-9fd0-4375-aebe-36efbcda67cc","DnZh-9c178223-eaf9-447c-86db-538eb7640349"
"CfVZ-0e97f6b4-9fd0-4375-aebe-36efbcda67cc","145q-537882ba-339c-456f-a4e9-657378323133"
"CfVZ-0e97f6b4-9fd0-4375-aebe-36efbcda67cc","145q-537882ba-339c-456f-a4e9-657378323133"
"CfVZ-0e97f6b4-9fd0-4375-aebe-36efbcda67cc","145q-b4e45d67-12ef-499a-b445-19fbf454c2b9"
"CfVZ-0e97f6b4-9fd0-4375-aebe-36efbcda67cc","85d85ab3-da5d-472c-b746-fa2eace6eadf"
"CfVZ-0e97f6b4-9fd0-4375-aebe-36efbcda67cc","CfVZ-f15f9c19-0576-4667-900b-5d32bb69f711"
"CfVZ-0e97f6b4-9fd0-4375-aebe-36efbcda67cc","145q-b4e45d67-12ef-499a-b445-19fbf454c2b9"
"CfVZ-0e97f6b4-9fd0-4375-aebe-36efbcda67cc","2F9O-92f2e48f-7e34-496c-8672-fe1b949605b1"
"CfVZ-0e97f6b4-9fd0-4375-aebe-36efbcda67cc","CfVZ-f15f9c19-0576-4667-900b-5d32bb69f711"
"CfVZ-0e97f6b4-9fd0-4375-aebe-36efbcda67cc","CfVZ-ace094d1-5c4f-4165-8a62-6eb1a72f0604"
"CfVZ-0e97f6b4-9fd0-4375-aebe-36efbcda67cc","4c5a8015-d3b9-451c-b8ec-7888ecfbc7ed"
"CfVZ-0e97f6b4-9fd0-4375-aebe-36efbcda67cc","CfVZ-b71c3598-83f9-43ef-9177-dfb0bb9b0350"
"CfVZ-0e97f6b4-9fd0-4375-aebe-36efbcda67cc","2F9O-92f2e48f-7e34-496c-8672-fe1b949605b1"
"CfVZ-3a56a27a-9cc6-42bc-9174-5a8a1c8fc17b","CfVZ-b71c3598-83f9-43ef-9177-dfb0bb9b0350"
"CfVZ-3a56a27a-9cc6-42bc-9174-5a8a1c8fc17b","CfVZ-8b9d11ff-ad5b-4ac9-b0a3-6754a66949e0"
"CfVZ-3a56a27a-9cc6-42bc-9174-5a8a1c8fc17b","CfVZ-8b9d11ff-ad5b-4ac9-b0a3-6754a66949e0"
"CfVZ-3a56a27a-9cc6-42bc-9174-5a8a1c8fc17b","GAsE-ada52e75-f29b-4d5e-a895-c4d2d73c208a"
"CfVZ-3a56a27a-9cc6-42bc-9174-5a8a1c8fc17b","CfVZ-b71c3598-83f9-43ef-9177-dfb0bb9b0350"
"CfVZ-3a56a27a-9cc6-42bc-9174-5a8a1c8fc17b","CfVZ-8b9d11ff-ad5b-4ac9-b0a3-6754a66949e0"
"CfVZ-3a56a27a-9cc6-42bc-9174-5a8a1c8fc17b","sVXR-0098507f-8382-401b-8910-70143691159d"
"CfVZ-3a56a27a-9cc6-42bc-9174-5a8a1c8fc17b","sVXR-0098507f-8382-401b-8910-70143691159d"
"CfVZ-8b9d11ff-ad5b-4ac9-b0a3-6754a66949e0","CfVZ-3a56a27a-9cc6-42bc-9174-5a8a1c8fc17b"
"CfVZ-8b9d11ff-ad5b-4ac9-b0a3-6754a66949e0","nYXq-3c0df512-10a4-4556-9ff9-cad6fc511823"
"CfVZ-8b9d11ff-ad5b-4ac9-b0a3-6754a66949e0","CfVZ-3a56a27a-9cc6-42bc-9174-5a8a1c8fc17b"
"CfVZ-8b9d11ff-ad5b-4ac9-b0a3-6754a66949e0","CfVZ-fd8acd75-610a-48d7-a41c-207a7a2b42d4"
"CfVZ-8b9d11ff-ad5b-4ac9-b0a3-6754a66949e0","DnZh-8aaccad0-628d-493e-b8f4-0431e69fffcd"
"CfVZ-8b9d11ff-ad5b-4ac9-b0a3-6754a66949e0","GAsE-6c39ef00-e1ed-40c1-bec1-fce96d53d41c"
"CfVZ-8b9d11ff-ad5b-4ac9-b0a3-6754a66949e0","1ea3cd4b-6591-4539-b928-ae452db306a0"
"CfVZ-8b9d11ff-ad5b-4ac9-b0a3-6754a66949e0","sVXR-0098507f-8382-401b-8910-70143691159d"
"CfVZ-8b9d11ff-ad5b-4ac9-b0a3-6754a66949e0","sVXR-0098507f-8382-401b-8910-70143691159d"
"CfVZ-8b9d11ff-ad5b-4ac9-b0a3-6754a66949e0","CfVZ-3a56a27a-9cc6-42bc-9174-5a8a1c8fc17b"
"CfVZ-8b9d11ff-ad5b-4ac9-b0a3-6754a66949e0","CfVZ-fd8acd75-610a-48d7-a41c-207a7a2b42d4"
"CfVZ-8b9d11ff-ad5b-4ac9-b0a3-6754a66949e0","sVXR-0098507f-8382-401b-8910-70143691159d"
"CfVZ-8b9d11ff-ad5b-4ac9-b0a3-6754a66949e0","DnZh-8aaccad0-628d-493e-b8f4-0431e69fffcd"
"CfVZ-ace094d1-5c4f-4165-8a62-6eb1a72f0604","CfVZ-f15f9c19-0576-4667-900b-5d32bb69f711"
"CfVZ-ace094d1-5c4f-4165-8a62-6eb1a72f0604","CfVZ-f15f9c19-0576-4667-900b-5d32bb69f711"
"CfVZ-ace094d1-5c4f-4165-8a62-6eb1a72f0604","2F9O-9c1718ec-f65c-46d6-8dc4-dbb0e878c31d"
"CfVZ-ace094d1-5c4f-4165-8a62-6eb1a72f0604","2F9O-92f2e48f-7e34-496c-8672-fe1b949605b1"
"CfVZ-ace094d1-5c4f-4165-8a62-6eb1a72f0604","CfVZ-fd8acd75-610a-48d7-a41c-207a7a2b42d4"
"CfVZ-ace094d1-5c4f-4165-8a62-6eb1a72f0604","4c5a8015-d3b9-451c-b8ec-7888ecfbc7ed"
"CfVZ-ace094d1-5c4f-4165-8a62-6eb1a72f0604","4c5a8015-d3b9-451c-b8ec-7888ecfbc7ed"
"CfVZ-ace094d1-5c4f-4165-8a62-6eb1a72f0604","CfVZ-b71c3598-83f9-43ef-9177-dfb0bb9b0350"
"CfVZ-ace094d1-5c4f-4165-8a62-6eb1a72f0604","4c5a8015-d3b9-451c-b8ec-7888ecfbc7ed"
"CfVZ-ace094d1-5c4f-4165-8a62-6eb1a72f0604","145q-537882ba-339c-456f-a4e9-657378323133"
"CfVZ-ace094d1-5c4f-4165-8a62-6eb1a72f0604","CfVZ-0e97f6b4-9fd0-4375-aebe-36efbcda67cc"
"CfVZ-ace094d1-5c4f-4165-8a62-6eb1a72f0604","CfVZ-0e97f6b4-9fd0-4375-aebe-36efbcda67cc"
"CfVZ-ace094d1-5c4f-4165-8a62-6eb1a72f0604","85d85ab3-da5d-472c-b746-fa2eace6eadf"
"CfVZ-ace094d1-5c4f-4165-8a62-6eb1a72f0604","CWAd-3547bed4-f2a6-4d77-94c2-63f4bd48d0d8"
"CfVZ-ace094d1-5c4f-4165-8a62-6eb1a72f0604","CfVZ-0e97f6b4-9fd0-4375-aebe-36efbcda67cc"
"CfVZ-ace094d1-5c4f-4165-8a62-6eb1a72f0604","2F9O-92f2e48f-7e34-496c-8672-fe1b949605b1"
"CfVZ-ace094d1-5c4f-4165-8a62-6eb1a72f0604","CfVZ-b71c3598-83f9-43ef-9177-dfb0bb9b0350"
"CfVZ-b71c3598-83f9-43ef-9177-dfb0bb9b0350","GAsE-6c39ef00-e1ed-40c1-bec1-fce96d53d41c"
"CfVZ-b71c3598-83f9-43ef-9177-dfb0bb9b0350","CfVZ-f15f9c19-0576-4667-900b-5d32bb69f711"
"CfVZ-b71c3598-83f9-43ef-9177-dfb0bb9b0350","CfVZ-3a56a27a-9cc6-42bc-9174-5a8a1c8fc17b"
"CfVZ-b71c3598-83f9-43ef-9177-dfb0bb9b0350","4c5a8015-d3b9-451c-b8ec-7888ecfbc7ed"
"CfVZ-b71c3598-83f9-43ef-9177-dfb0bb9b0350","CfVZ-f15f9c19-0576-4667-900b-5d32bb69f711"
"CfVZ-b71c3598-83f9-43ef-9177-dfb0bb9b0350","CfVZ-0e97f6b4-9fd0-4375-aebe-36efbcda67cc"
"CfVZ-b71c3598-83f9-43ef-9177-dfb0bb9b0350","CfVZ-ace094d1-5c4f-4165-8a62-6eb1a72f0604"
"CfVZ-b71c3598-83f9-43ef-9177-dfb0bb9b0350","CfVZ-8b9d11ff-ad5b-4ac9-b0a3-6754a66949e0"
"CfVZ-b71c3598-83f9-43ef-9177-dfb0bb9b0350","145q-537882ba-339c-456f-a4e9-657378323133"
"CfVZ-b71c3598-83f9-43ef-9177-dfb0bb9b0350","GAsE-6c39ef00-e1ed-40c1-bec1-fce96d53d41c"
"CfVZ-b71c3598-83f9-43ef-9177-dfb0bb9b0350","85d85ab3-da5d-472c-b746-fa2eace6eadf"
"CfVZ-b71c3598-83f9-43ef-9177-dfb0bb9b0350","2F9O-92f2e48f-7e34-496c-8672-fe1b949605b1"
"CfVZ-b71c3598-83f9-43ef-9177-dfb0bb9b0350","85d85ab3-da5d-472c-b746-fa2eace6eadf"
"CfVZ-b71c3598-83f9-43ef-9177-dfb0bb9b0350","CfVZ-ace094d1-5c4f-4165-8a62-6eb1a72f0604"
"CfVZ-b71c3598-83f9-43ef-9177-dfb0bb9b0350","CfVZ-f15f9c19-0576-4667-900b-5d32bb69f711"
"CfVZ-b71c3598-83f9-43ef-9177-dfb0bb9b0350","DnZh-9c178223-eaf9-447c-86db-538eb7640349"
"CfVZ-b71c3598-83f9-43ef-9177-dfb0bb9b0350","DnZh-9c178223-eaf9-447c-86db-538eb7640349"
"CfVZ-b71c3598-83f9-43ef-9177-dfb0bb9b0350","2F9O-92f2e48f-7e34-496c-8672-fe1b949605b1"
"CfVZ-b71c3598-83f9-43ef-9177-dfb0bb9b0350","DnZh-9c178223-eaf9-447c-86db-538eb7640349"
"CfVZ-b71c3598-83f9-43ef-9177-dfb0bb9b0350","2F9O-92f2e48f-7e34-496c-8672-fe1b949605b1"
"CfVZ-b71c3598-83f9-43ef-9177-dfb0bb9b0350","CfVZ-0e97f6b4-9fd0-4375-aebe-36efbcda67cc"
"CfVZ-f15f9c19-0576-4667-900b-5d32bb69f711","145q-537882ba-339c-456f-a4e9-657378323133"
"CfVZ-f15f9c19-0576-4667-900b-5d32bb69f711","2F9O-92f2e48f-7e34-496c-8672-fe1b949605b1"
"CfVZ-f15f9c19-0576-4667-900b-5d32bb69f711","145q-537882ba-339c-456f-a4e9-657378323133"
"CfVZ-f15f9c19-0576-4667-900b-5d32bb69f711","9d3e311f-8f43-46e1-b37a-e6a90a379567"
"CfVZ-fd8acd75-610a-48d7-a41c-207a7a2b42d4","CfVZ-3a56a27a-9cc6-42bc-9174-5a8a1c8fc17b"
"CfVZ-fd8acd75-610a-48d7-a41c-207a7a2b42d4","sVXR-0098507f-8382-401b-8910-70143691159d"
"CfVZ-fd8acd75-610a-48d7-a41c-207a7a2b42d4","nYXq-3c0df512-10a4-4556-9ff9-cad6fc511823"
"CfVZ-fd8acd75-610a-48d7-a41c-207a7a2b42d4","sVXR-0098507f-8382-401b-8910-70143691159d"
"CfVZ-fd8acd75-610a-48d7-a41c-207a7a2b42d4","CfVZ-3a56a27a-9cc6-42bc-9174-5a8a1c8fc17b"
"CfVZ-fd8acd75-610a-48d7-a41c-207a7a2b42d4","2F9O-22e6ec87-59b0-4366-ac3d-a2f80fc217f8"
"CfVZ-fd8acd75-610a-48d7-a41c-207a7a2b42d4","CfVZ-8b9d11ff-ad5b-4ac9-b0a3-6754a66949e0"
"CfVZ-fd8acd75-610a-48d7-a41c-207a7a2b42d4","GAsE-e5e84219-b6db-4be0-963f-7d7b9d91bc20"
"CfVZ-fd8acd75-610a-48d7-a41c-207a7a2b42d4","CfVZ-3a56a27a-9cc6-42bc-9174-5a8a1c8fc17b"
"CfVZ-fd8acd75-610a-48d7-a41c-207a7a2b42d4","2F9O-22e6ec87-59b0-4366-ac3d-a2f80fc217f8"
"CWAd-0ff87703-74f3-43b7-8902-b63272ee8f37","0IXz-027c071f-30d2-46af-9b68-6b9553137493"
"CWAd-0ff87703-74f3-43b7-8902-b63272ee8f37","0IXz-c765a17f-e799-4e5c-8f8a-c5f8eff4f16d"
"CWAd-0ff87703-74f3-43b7-8902-b63272ee8f37","CWAd-3547bed4-f2a6-4d77-94c2-63f4bd48d0d8"
"CWAd-0ff87703-74f3-43b7-8902-b63272ee8f37","0IXz-027c071f-30d2-46af-9b68-6b9553137493"
"CWAd-0ff87703-74f3-43b7-8902-b63272ee8f37","CWAd-3547bed4-f2a6-4d77-94c2-63f4bd48d0d8"
"CWAd-0ff87703-74f3-43b7-8902-b63272ee8f37","YAzv-e8d983a1-7cd9-4fd4-ad15-190068bf68f2"
"CWAd-0ff87703-74f3-43b7-8902-b63272ee8f37","YAzv-c36d6cd8-9afa-458f-9a32-3b8b9f84c4c8"
"CWAd-0ff87703-74f3-43b7-8902-b63272ee8f37","YAzv-e8d983a1-7cd9-4fd4-ad15-190068bf68f2"
"CWAd-0ff87703-74f3-43b7-8902-b63272ee8f37","YAzv-e8d983a1-7cd9-4fd4-ad15-190068bf68f2"
"CWAd-164ad3cc-3b46-486a-a50d-c1baff35dd82","CWAd-b5fd453d-df82-4fd5-b5cc-07276d1eef16"
"CWAd-164ad3cc-3b46-486a-a50d-c1baff35dd82","CWAd-3547bed4-f2a6-4d77-94c2-63f4bd48d0d8"
"CWAd-164ad3cc-3b46-486a-a50d-c1baff35dd82","CWAd-a415fea2-4a99-49b3-9107-2a403011fc85"
"CWAd-164ad3cc-3b46-486a-a50d-c1baff35dd82","wkCO-76e58998-9801-4a8e-a394-4c899aa84c4f"
"CWAd-3547bed4-f2a6-4d77-94c2-63f4bd48d0d8","0IXz-027c071f-30d2-46af-9b68-6b9553137493"
"CWAd-3547bed4-f2a6-4d77-94c2-63f4bd48d0d8","CWAd-164ad3cc-3b46-486a-a50d-c1baff35dd82"
"CWAd-3547bed4-f2a6-4d77-94c2-63f4bd48d0d8","0IXz-c765a17f-e799-4e5c-8f8a-c5f8eff4f16d"
"CWAd-3547bed4-f2a6-4d77-94c2-63f4bd48d0d8","CWAd-0ff87703-74f3-43b7-8902-b63272ee8f37"
"CWAd-3547bed4-f2a6-4d77-94c2-63f4bd48d0d8","CWAd-0ff87703-74f3-43b7-8902-b63272ee8f37"
"CWAd-3547bed4-f2a6-4d77-94c2-63f4bd48d0d8","0IXz-c765a17f-e799-4e5c-8f8a-c5f8eff4f16d"
"CWAd-3547bed4-f2a6-4d77-94c2-63f4bd48d0d8","YAzv-b7fe7e71-54fe-4c1f-aae8-3f0b5a01cf4d"
"CWAd-3547bed4-f2a6-4d77-94c2-63f4bd48d0d8","CWAd-0ff87703-74f3-43b7-8902-b63272ee8f37"
"CWAd-3547bed4-f2a6-4d77-94c2-63f4bd48d0d8","CWAd-164ad3cc-3b46-486a-a50d-c1baff35dd82"
"CWAd-3547bed4-f2a6-4d77-94c2-63f4bd48d0d8","YAzv-e8d983a1-7cd9-4fd4-ad15-190068bf68f2"
"CWAd-3547bed4-f2a6-4d77-94c2-63f4bd48d0d8","uiGT-2b697180-9a22-4232-a053-e3ec5e66ccf5"
"CWAd-3547bed4-f2a6-4d77-94c2-63f4bd48d0d8","1ea3cd4b-6591-4539-b928-ae452db306a0"
"CWAd-5cef7a85-6525-4172-84af-9601e3bc66f6","f998f9d0-1f78-40a9-a42e-132e4a026acd"
"CWAd-5cef7a85-6525-4172-84af-9601e3bc66f6","CWAd-e30cbb14-a0fe-442b-ac7f-766663659b81"
"CWAd-5cef7a85-6525-4172-84af-9601e3bc66f6","CWAd-e30cbb14-a0fe-442b-ac7f-766663659b81"
"CWAd-5cef7a85-6525-4172-84af-9601e3bc66f6","CWAd-b19af51a-9ee1-4714-b4c0-5c002cceb225"
"CWAd-5cef7a85-6525-4172-84af-9601e3bc66f6","f998f9d0-1f78-40a9-a42e-132e4a026acd"
"CWAd-5cef7a85-6525-4172-84af-9601e3bc66f6","CWAd-b19af51a-9ee1-4714-b4c0-5c002cceb225"
"CWAd-5cef7a85-6525-4172-84af-9601e3bc66f6","CWAd-b19af51a-9ee1-4714-b4c0-5c002cceb225"
"CWAd-5cef7a85-6525-4172-84af-9601e3bc66f6","823ef22a-891b-4526-9a92-430603060fcd"
"CWAd-a415fea2-4a99-49b3-9107-2a403011fc85","CWAd-164ad3cc-3b46-486a-a50d-c1baff35dd82"
"CWAd-a415fea2-4a99-49b3-9107-2a403011fc85","CWAd-b5fd453d-df82-4fd5-b5cc-07276d1eef16"
"CWAd-a415fea2-4a99-49b3-9107-2a403011fc85","CWAd-164ad3cc-3b46-486a-a50d-c1baff35dd82"
"CWAd-b19af51a-9ee1-4714-b4c0-5c002cceb225","CWAd-e30cbb14-a0fe-442b-ac7f-766663659b81"
"CWAd-b19af51a-9ee1-4714-b4c0-5c002cceb225","CWAd-e30cbb14-a0fe-442b-ac7f-766663659b81"
"CWAd-b19af51a-9ee1-4714-b4c0-5c002cceb225","CWAd-5cef7a85-6525-4172-84af-9601e3bc66f6"
"CWAd-b19af51a-9ee1-4714-b4c0-5c002cceb225","823ef22a-891b-4526-9a92-430603060fcd"
"CWAd-b19af51a-9ee1-4714-b4c0-5c002cceb225","CWAd-5cef7a85-6525-4172-84af-9601e3bc66f6"
"CWAd-e30cbb14-a0fe-442b-ac7f-766663659b81","CWAd-b19af51a-9ee1-4714-b4c0-5c002cceb225"
"CWAd-e30cbb14-a0fe-442b-ac7f-766663659b81","CWAd-b19af51a-9ee1-4714-b4c0-5c002cceb225"
"CWAd-e30cbb14-a0fe-442b-ac7f-766663659b81","CWAd-5cef7a85-6525-4172-84af-9601e3bc66f6"
"d1e4d858-5053-4856-88ef-8297c096f79f","1ea3cd4b-6591-4539-b928-ae452db306a0"
"d1e4d858-5053-4856-88ef-8297c096f79f","9d3e311f-8f43-46e1-b37a-e6a90a379567"
"d1e4d858-5053-4856-88ef-8297c096f79f","9d3e311f-8f43-46e1-b37a-e6a90a379567"
"d1e4d858-5053-4856-88ef-8297c096f79f","svFD-ab4db2e7-fe7e-41ca-9520-b71c6eb6ac88"
"d1e4d858-5053-4856-88ef-8297c096f79f","dmVZ-cd0ff9b7-41e2-4ffc-ad85-0290f6ad29dd"
"d1e4d858-5053-4856-88ef-8297c096f79f","svFD-ab4db2e7-fe7e-41ca-9520-b71c6eb6ac88"
"d1e4d858-5053-4856-88ef-8297c096f79f","CfVZ-8b9d11ff-ad5b-4ac9-b0a3-6754a66949e0"
"d1e4d858-5053-4856-88ef-8297c096f79f","1ea3cd4b-6591-4539-b928-ae452db306a0"
"dmVZ-49544389-2ad0-410f-ba16-2af82dc4c9c9","dmVZ-cd0ff9b7-41e2-4ffc-ad85-0290f6ad29dd"
"dmVZ-49544389-2ad0-410f-ba16-2af82dc4c9c9","CWAd-3547bed4-f2a6-4d77-94c2-63f4bd48d0d8"
"dmVZ-49544389-2ad0-410f-ba16-2af82dc4c9c9","dmVZ-cd0ff9b7-41e2-4ffc-ad85-0290f6ad29dd"
"dmVZ-81f8e3aa-a2d9-4879-a196-ee58b535635e","YAzv-634c043a-dcb8-4c08-bb8d-2e5ca7251109"
"dmVZ-81f8e3aa-a2d9-4879-a196-ee58b535635e","uiGT-2b697180-9a22-4232-a053-e3ec5e66ccf5"
"dmVZ-81f8e3aa-a2d9-4879-a196-ee58b535635e","hWAl-c1870dc4-1413-433c-bf02-bd0e2ea46533"
"dmVZ-81f8e3aa-a2d9-4879-a196-ee58b535635e","uiGT-2b697180-9a22-4232-a053-e3ec5e66ccf5"
"dmVZ-cd0ff9b7-41e2-4ffc-ad85-0290f6ad29dd","dmVZ-49544389-2ad0-410f-ba16-2af82dc4c9c9"
"dmVZ-cd0ff9b7-41e2-4ffc-ad85-0290f6ad29dd","dmVZ-49544389-2ad0-410f-ba16-2af82dc4c9c9"
"dmVZ-cd0ff9b7-41e2-4ffc-ad85-0290f6ad29dd","dmVZ-49544389-2ad0-410f-ba16-2af82dc4c9c9"
"dmVZ-dfd8d68e-0710-4c99-9a59-0d702c850bca","hWAl-c1870dc4-1413-433c-bf02-bd0e2ea46533"
"dmVZ-dfd8d68e-0710-4c99-9a59-0d702c850bca","CWAd-a415fea2-4a99-49b3-9107-2a403011fc85"
"dmVZ-dfd8d68e-0710-4c99-9a59-0d702c850bca","dmVZ-81f8e3aa-a2d9-4879-a196-ee58b535635e"
"dmVZ-dfd8d68e-0710-4c99-9a59-0d702c850bca","hWAl-08917898-2864-4ca1-9b7e-a7b9e6b31733"
"dmVZ-dfd8d68e-0710-4c99-9a59-0d702c850bca","wkCO-53b9baaf-9247-4922-8e34-5c791d7dcc30"
"dmVZ-dfd8d68e-0710-4c99-9a59-0d702c850bca","hWAl-df68540e-0ded-4d0d-9ee3-5458cfb92f5d"
"dmVZ-dfd8d68e-0710-4c99-9a59-0d702c850bca","hWAl-08917898-2864-4ca1-9b7e-a7b9e6b31733"
"dmVZ-dfd8d68e-0710-4c99-9a59-0d702c850bca","hWAl-c1870dc4-1413-433c-bf02-bd0e2ea46533"
"dmVZ-dfd8d68e-0710-4c99-9a59-0d702c850bca","dmVZ-81f8e3aa-a2d9-4879-a196-ee58b535635e"
"dmVZ-dfd8d68e-0710-4c99-9a59-0d702c850bca","DnZh-8aaccad0-628d-493e-b8f4-0431e69fffcd"
"dmVZ-dfd8d68e-0710-4c99-9a59-0d702c850bca","hWAl-08917898-2864-4ca1-9b7e-a7b9e6b31733"
"dmVZ-dfd8d68e-0710-4c99-9a59-0d702c850bca","0IXz-1a27d0a9-2ecd-4a20-9352-f07c6f5f3ec9"
"dmVZ-dfd8d68e-0710-4c99-9a59-0d702c850bca","hWAl-c1870dc4-1413-433c-bf02-bd0e2ea46533"
"dmVZ-e0952b2a-c2e3-45c8-9f9c-b7cc28be7b43","CWAd-b5fd453d-df82-4fd5-b5cc-07276d1eef16"
"dmVZ-e0952b2a-c2e3-45c8-9f9c-b7cc28be7b43","hWAl-8be6cf73-6fa9-4662-81c8-f200ccefb0c6"
"dmVZ-e0952b2a-c2e3-45c8-9f9c-b7cc28be7b43","YAzv-634c043a-dcb8-4c08-bb8d-2e5ca7251109"
"dmVZ-e0952b2a-c2e3-45c8-9f9c-b7cc28be7b43","hWAl-c1870dc4-1413-433c-bf02-bd0e2ea46533"
"dmVZ-e0952b2a-c2e3-45c8-9f9c-b7cc28be7b43","dmVZ-81f8e3aa-a2d9-4879-a196-ee58b535635e"
"dmVZ-e0952b2a-c2e3-45c8-9f9c-b7cc28be7b43","CWAd-b5fd453d-df82-4fd5-b5cc-07276d1eef16"
"dmVZ-e0952b2a-c2e3-45c8-9f9c-b7cc28be7b43","hWAl-c1870dc4-1413-433c-bf02-bd0e2ea46533"
"dmVZ-e0952b2a-c2e3-45c8-9f9c-b7cc28be7b43","CWAd-b5fd453d-df82-4fd5-b5cc-07276d1eef16"
"DnZh-38c3a7c2-dc8a-425a-a43d-85583c70303d","hWAl-43e484c1-c829-4628-a573-d45c29d34f3b"
"DnZh-38c3a7c2-dc8a-425a-a43d-85583c70303d","0IXz-1a27d0a9-2ecd-4a20-9352-f07c6f5f3ec9"
"DnZh-38c3a7c2-dc8a-425a-a43d-85583c70303d","GAsE-6c39ef00-e1ed-40c1-bec1-fce96d53d41c"
"DnZh-38c3a7c2-dc8a-425a-a43d-85583c70303d","1ea3cd4b-6591-4539-b928-ae452db306a0"
"DnZh-38c3a7c2-dc8a-425a-a43d-85583c70303d","hWAl-43e484c1-c829-4628-a573-d45c29d34f3b"
"DnZh-38c3a7c2-dc8a-425a-a43d-85583c70303d","CfVZ-8b9d11ff-ad5b-4ac9-b0a3-6754a66949e0"
"DnZh-38c3a7c2-dc8a-425a-a43d-85583c70303d","uiGT-2b697180-9a22-4232-a053-e3ec5e66ccf5"
"DnZh-38c3a7c2-dc8a-425a-a43d-85583c70303d","DnZh-8aaccad0-628d-493e-b8f4-0431e69fffcd"
"DnZh-38c3a7c2-dc8a-425a-a43d-85583c70303d","1ea3cd4b-6591-4539-b928-ae452db306a0"
"DnZh-38c3a7c2-dc8a-425a-a43d-85583c70303d","DnZh-8aaccad0-628d-493e-b8f4-0431e69fffcd"
"DnZh-8aaccad0-628d-493e-b8f4-0431e69fffcd","1ea3cd4b-6591-4539-b928-ae452db306a0"
"DnZh-8aaccad0-628d-493e-b8f4-0431e69fffcd","0IXz-1a27d0a9-2ecd-4a20-9352-f07c6f5f3ec9"
"DnZh-8aaccad0-628d-493e-b8f4-0431e69fffcd","CfVZ-8b9d11ff-ad5b-4ac9-b0a3-6754a66949e0"
"DnZh-8aaccad0-628d-493e-b8f4-0431e69fffcd","GAsE-6c39ef00-e1ed-40c1-bec1-fce96d53d41c"
"DnZh-9c178223-eaf9-447c-86db-538eb7640349","CfVZ-0e97f6b4-9fd0-4375-aebe-36efbcda67cc"
"DnZh-9c178223-eaf9-447c-86db-538eb7640349","CfVZ-b71c3598-83f9-43ef-9177-dfb0bb9b0350"
"GAsE-649679eb-1ee4-4563-8020-e861ce928a99","GAsE-ada52e75-f29b-4d5e-a895-c4d2d73c208a"
"GAsE-6c39ef00-e1ed-40c1-bec1-fce96d53d41c","hWAl-08917898-2864-4ca1-9b7e-a7b9e6b31733"
"GAsE-6c39ef00-e1ed-40c1-bec1-fce96d53d41c","1ea3cd4b-6591-4539-b928-ae452db306a0"
"GAsE-6c39ef00-e1ed-40c1-bec1-fce96d53d41c","GAsE-ada52e75-f29b-4d5e-a895-c4d2d73c208a"
"GAsE-6c39ef00-e1ed-40c1-bec1-fce96d53d41c","CfVZ-b71c3598-83f9-43ef-9177-dfb0bb9b0350"
"GAsE-6c39ef00-e1ed-40c1-bec1-fce96d53d41c","DnZh-8aaccad0-628d-493e-b8f4-0431e69fffcd"
"GAsE-6c39ef00-e1ed-40c1-bec1-fce96d53d41c","CfVZ-8b9d11ff-ad5b-4ac9-b0a3-6754a66949e0"
"GAsE-6c39ef00-e1ed-40c1-bec1-fce96d53d41c","CWAd-b19af51a-9ee1-4714-b4c0-5c002cceb225"
"GAsE-6c39ef00-e1ed-40c1-bec1-fce96d53d41c","GAsE-649679eb-1ee4-4563-8020-e861ce928a99"
"GAsE-6c39ef00-e1ed-40c1-bec1-fce96d53d41c","145q-b67de022-c85b-4b04-8c04-34c98b11d2b5"
"GAsE-6c39ef00-e1ed-40c1-bec1-fce96d53d41c","DnZh-8aaccad0-628d-493e-b8f4-0431e69fffcd"
"GAsE-6c39ef00-e1ed-40c1-bec1-fce96d53d41c","sVXR-65371cdc-48dc-449d-b04c-4cc0812a26b9"
"GAsE-ada52e75-f29b-4d5e-a895-c4d2d73c208a","GAsE-6c39ef00-e1ed-40c1-bec1-fce96d53d41c"
"GAsE-e5e84219-b6db-4be0-963f-7d7b9d91bc20","sVXR-65371cdc-48dc-449d-b04c-4cc0812a26b9"
"GAsE-e5e84219-b6db-4be0-963f-7d7b9d91bc20","CfVZ-fd8acd75-610a-48d7-a41c-207a7a2b42d4"
"GAsE-e5e84219-b6db-4be0-963f-7d7b9d91bc20","sVXR-65371cdc-48dc-449d-b04c-4cc0812a26b9"
"GAsE-e5e84219-b6db-4be0-963f-7d7b9d91bc20","CfVZ-fd8acd75-610a-48d7-a41c-207a7a2b42d4"
"GAsE-e5e84219-b6db-4be0-963f-7d7b9d91bc20","GAsE-6c39ef00-e1ed-40c1-bec1-fce96d53d41c"
"hWAl-08917898-2864-4ca1-9b7e-a7b9e6b31733","hWAl-df68540e-0ded-4d0d-9ee3-5458cfb92f5d"
"hWAl-08917898-2864-4ca1-9b7e-a7b9e6b31733","hWAl-df68540e-0ded-4d0d-9ee3-5458cfb92f5d"
"hWAl-08917898-2864-4ca1-9b7e-a7b9e6b31733","YAzv-634c043a-dcb8-4c08-bb8d-2e5ca7251109"
"hWAl-08917898-2864-4ca1-9b7e-a7b9e6b31733","hWAl-43e484c1-c829-4628-a573-d45c29d34f3b"
"hWAl-08917898-2864-4ca1-9b7e-a7b9e6b31733","hWAl-8be6cf73-6fa9-4662-81c8-f200ccefb0c6"
"hWAl-08917898-2864-4ca1-9b7e-a7b9e6b31733","hWAl-df68540e-0ded-4d0d-9ee3-5458cfb92f5d"
"hWAl-08917898-2864-4ca1-9b7e-a7b9e6b31733","hWAl-43e484c1-c829-4628-a573-d45c29d34f3b"
"hWAl-08917898-2864-4ca1-9b7e-a7b9e6b31733","hWAl-8be6cf73-6fa9-4662-81c8-f200ccefb0c6"
"hWAl-43e484c1-c829-4628-a573-d45c29d34f3b","CWAd-3547bed4-f2a6-4d77-94c2-63f4bd48d0d8"
"hWAl-43e484c1-c829-4628-a573-d45c29d34f3b","hWAl-8be6cf73-6fa9-4662-81c8-f200ccefb0c6"
"hWAl-43e484c1-c829-4628-a573-d45c29d34f3b","hWAl-8be6cf73-6fa9-4662-81c8-f200ccefb0c6"
"hWAl-43e484c1-c829-4628-a573-d45c29d34f3b","CWAd-164ad3cc-3b46-486a-a50d-c1baff35dd82"
"hWAl-43e484c1-c829-4628-a573-d45c29d34f3b","hWAl-df68540e-0ded-4d0d-9ee3-5458cfb92f5d"
"hWAl-43e484c1-c829-4628-a573-d45c29d34f3b","YAzv-634c043a-dcb8-4c08-bb8d-2e5ca7251109"
"hWAl-43e484c1-c829-4628-a573-d45c29d34f3b","0IXz-1a27d0a9-2ecd-4a20-9352-f07c6f5f3ec9"
"hWAl-43e484c1-c829-4628-a573-d45c29d34f3b","wkCO-53b9baaf-9247-4922-8e34-5c791d7dcc30"
"hWAl-43e484c1-c829-4628-a573-d45c29d34f3b","0IXz-1a27d0a9-2ecd-4a20-9352-f07c6f5f3ec9"
"hWAl-43e484c1-c829-4628-a573-d45c29d34f3b","wkCO-53b9baaf-9247-4922-8e34-5c791d7dcc30"
"hWAl-43e484c1-c829-4628-a573-d45c29d34f3b","wkCO-53b9baaf-9247-4922-8e34-5c791d7dcc30"
"hWAl-43e484c1-c829-4628-a573-d45c29d34f3b","dmVZ-dfd8d68e-0710-4c99-9a59-0d702c850bca"
"hWAl-43e484c1-c829-4628-a573-d45c29d34f3b","CWAd-a415fea2-4a99-49b3-9107-2a403011fc85"
"hWAl-43e484c1-c829-4628-a573-d45c29d34f3b","hWAl-08917898-2864-4ca1-9b7e-a7b9e6b31733"
"hWAl-43e484c1-c829-4628-a573-d45c29d34f3b","hWAl-c1870dc4-1413-433c-bf02-bd0e2ea46533"
"hWAl-43e484c1-c829-4628-a573-d45c29d34f3b","uiGT-2b697180-9a22-4232-a053-e3ec5e66ccf5"
"hWAl-43e484c1-c829-4628-a573-d45c29d34f3b","wkCO-76e58998-9801-4a8e-a394-4c899aa84c4f"
"hWAl-43e484c1-c829-4628-a573-d45c29d34f3b","hWAl-8be6cf73-6fa9-4662-81c8-f200ccefb0c6"
"hWAl-43e484c1-c829-4628-a573-d45c29d34f3b","hWAl-df68540e-0ded-4d0d-9ee3-5458cfb92f5d"
"hWAl-43e484c1-c829-4628-a573-d45c29d34f3b","DnZh-8aaccad0-628d-493e-b8f4-0431e69fffcd"
"hWAl-875262c5-958c-474d-a73b-6a3af0724368","hWAl-8f39221b-3c54-44c1-a0df-a15164cea748"
"hWAl-875262c5-958c-474d-a73b-6a3af0724368","0IXz-1a27d0a9-2ecd-4a20-9352-f07c6f5f3ec9"
"hWAl-875262c5-958c-474d-a73b-6a3af0724368","hWAl-8f39221b-3c54-44c1-a0df-a15164cea748"
"hWAl-875262c5-958c-474d-a73b-6a3af0724368","hWAl-8f39221b-3c54-44c1-a0df-a15164cea748"
"hWAl-8be6cf73-6fa9-4662-81c8-f200ccefb0c6","YAzv-634c043a-dcb8-4c08-bb8d-2e5ca7251109"
"hWAl-8be6cf73-6fa9-4662-81c8-f200ccefb0c6","hWAl-df68540e-0ded-4d0d-9ee3-5458cfb92f5d"
"hWAl-8be6cf73-6fa9-4662-81c8-f200ccefb0c6","wkCO-53b9baaf-9247-4922-8e34-5c791d7dcc30"
"hWAl-8be6cf73-6fa9-4662-81c8-f200ccefb0c6","hWAl-df68540e-0ded-4d0d-9ee3-5458cfb92f5d"
"hWAl-8be6cf73-6fa9-4662-81c8-f200ccefb0c6","hWAl-43e484c1-c829-4628-a573-d45c29d34f3b"
"hWAl-8be6cf73-6fa9-4662-81c8-f200ccefb0c6","wkCO-53b9baaf-9247-4922-8e34-5c791d7dcc30"
"hWAl-8be6cf73-6fa9-4662-81c8-f200ccefb0c6","wkCO-53b9baaf-9247-4922-8e34-5c791d7dcc30"
"hWAl-c1870dc4-1413-433c-bf02-bd0e2ea46533","dmVZ-dfd8d68e-0710-4c99-9a59-0d702c850bca"
"hWAl-df68540e-0ded-4d0d-9ee3-5458cfb92f5d","hWAl-8be6cf73-6fa9-4662-81c8-f200ccefb0c6"
"hWAl-df68540e-0ded-4d0d-9ee3-5458cfb92f5d","wkCO-53b9baaf-9247-4922-8e34-5c791d7dcc30"
"hWAl-df68540e-0ded-4d0d-9ee3-5458cfb92f5d","wkCO-53b9baaf-9247-4922-8e34-5c791d7dcc30"
"hWAl-df68540e-0ded-4d0d-9ee3-5458cfb92f5d","wkCO-53b9baaf-9247-4922-8e34-5c791d7dcc30"
"hWAl-df68540e-0ded-4d0d-9ee3-5458cfb92f5d","hWAl-8be6cf73-6fa9-4662-81c8-f200ccefb0c6"
"hWAl-df68540e-0ded-4d0d-9ee3-5458cfb92f5d","0IXz-1a27d0a9-2ecd-4a20-9352-f07c6f5f3ec9"
"hWAl-df68540e-0ded-4d0d-9ee3-5458cfb92f5d","YAzv-634c043a-dcb8-4c08-bb8d-2e5ca7251109"
"hWAl-df68540e-0ded-4d0d-9ee3-5458cfb92f5d","hWAl-43e484c1-c829-4628-a573-d45c29d34f3b"
"nYXq-3c0df512-10a4-4556-9ff9-cad6fc511823","sVXR-65371cdc-48dc-449d-b04c-4cc0812a26b9"
"nYXq-3c0df512-10a4-4556-9ff9-cad6fc511823","sVXR-0098507f-8382-401b-8910-70143691159d"
"nYXq-3c0df512-10a4-4556-9ff9-cad6fc511823","145q-b67de022-c85b-4b04-8c04-34c98b11d2b5"
"nYXq-3c0df512-10a4-4556-9ff9-cad6fc511823","145q-b67de022-c85b-4b04-8c04-34c98b11d2b5"
"nYXq-3c0df512-10a4-4556-9ff9-cad6fc511823","sVXR-65371cdc-48dc-449d-b04c-4cc0812a26b9"
"nYXq-3c0df512-10a4-4556-9ff9-cad6fc511823","145q-b67de022-c85b-4b04-8c04-34c98b11d2b5"
"svFD-ab4db2e7-fe7e-41ca-9520-b71c6eb6ac88","9d3e311f-8f43-46e1-b37a-e6a90a379567"
"svFD-ab4db2e7-fe7e-41ca-9520-b71c6eb6ac88","9d3e311f-8f43-46e1-b37a-e6a90a379567"
"sVXR-0098507f-8382-401b-8910-70143691159d","CfVZ-3a56a27a-9cc6-42bc-9174-5a8a1c8fc17b"
"sVXR-0098507f-8382-401b-8910-70143691159d","CfVZ-3a56a27a-9cc6-42bc-9174-5a8a1c8fc17b"
"sVXR-0098507f-8382-401b-8910-70143691159d","CfVZ-3a56a27a-9cc6-42bc-9174-5a8a1c8fc17b"
"sVXR-65371cdc-48dc-449d-b04c-4cc0812a26b9","GAsE-e5e84219-b6db-4be0-963f-7d7b9d91bc20"
"sVXR-65371cdc-48dc-449d-b04c-4cc0812a26b9","GAsE-6c39ef00-e1ed-40c1-bec1-fce96d53d41c"
"sVXR-65371cdc-48dc-449d-b04c-4cc0812a26b9","CfVZ-3a56a27a-9cc6-42bc-9174-5a8a1c8fc17b"
"sVXR-65371cdc-48dc-449d-b04c-4cc0812a26b9","145q-b67de022-c85b-4b04-8c04-34c98b11d2b5"
"sVXR-65371cdc-48dc-449d-b04c-4cc0812a26b9","CfVZ-8b9d11ff-ad5b-4ac9-b0a3-6754a66949e0"
"sVXR-65371cdc-48dc-449d-b04c-4cc0812a26b9","CfVZ-8b9d11ff-ad5b-4ac9-b0a3-6754a66949e0"
"sVXR-65371cdc-48dc-449d-b04c-4cc0812a26b9","0IXz-1a27d0a9-2ecd-4a20-9352-f07c6f5f3ec9"
"sVXR-65371cdc-48dc-449d-b04c-4cc0812a26b9","145q-b67de022-c85b-4b04-8c04-34c98b11d2b5"
"sVXR-65371cdc-48dc-449d-b04c-4cc0812a26b9","sVXR-0098507f-8382-401b-8910-70143691159d"
"sVXR-65371cdc-48dc-449d-b04c-4cc0812a26b9","GAsE-e5e84219-b6db-4be0-963f-7d7b9d91bc20"
"sVXR-65371cdc-48dc-449d-b04c-4cc0812a26b9","CfVZ-b71c3598-83f9-43ef-9177-dfb0bb9b0350"
"sVXR-65371cdc-48dc-449d-b04c-4cc0812a26b9","145q-b67de022-c85b-4b04-8c04-34c98b11d2b5"
"sVXR-65371cdc-48dc-449d-b04c-4cc0812a26b9","nYXq-3c0df512-10a4-4556-9ff9-cad6fc511823"
"sVXR-65371cdc-48dc-449d-b04c-4cc0812a26b9","GAsE-6c39ef00-e1ed-40c1-bec1-fce96d53d41c"
"sVXR-65371cdc-48dc-449d-b04c-4cc0812a26b9","GAsE-e5e84219-b6db-4be0-963f-7d7b9d91bc20"
"sVXR-65371cdc-48dc-449d-b04c-4cc0812a26b9","GAsE-6c39ef00-e1ed-40c1-bec1-fce96d53d41c"
"sVXR-65371cdc-48dc-449d-b04c-4cc0812a26b9","nYXq-3c0df512-10a4-4556-9ff9-cad6fc511823"
"sVXR-65371cdc-48dc-449d-b04c-4cc0812a26b9","nYXq-3c0df512-10a4-4556-9ff9-cad6fc511823"
"uiGT-2b697180-9a22-4232-a053-e3ec5e66ccf5","YAzv-634c043a-dcb8-4c08-bb8d-2e5ca7251109"
"uiGT-2b697180-9a22-4232-a053-e3ec5e66ccf5","0IXz-1a27d0a9-2ecd-4a20-9352-f07c6f5f3ec9"
"uiGT-2b697180-9a22-4232-a053-e3ec5e66ccf5","CWAd-3547bed4-f2a6-4d77-94c2-63f4bd48d0d8"
"uiGT-2b697180-9a22-4232-a053-e3ec5e66ccf5","wkCO-76e58998-9801-4a8e-a394-4c899aa84c4f"
"uiGT-2b697180-9a22-4232-a053-e3ec5e66ccf5","CWAd-a415fea2-4a99-49b3-9107-2a403011fc85"
"uiGT-2b697180-9a22-4232-a053-e3ec5e66ccf5","hWAl-43e484c1-c829-4628-a573-d45c29d34f3b"
"uiGT-2b697180-9a22-4232-a053-e3ec5e66ccf5","YAzv-634c043a-dcb8-4c08-bb8d-2e5ca7251109"
"uiGT-2b697180-9a22-4232-a053-e3ec5e66ccf5","0IXz-1a27d0a9-2ecd-4a20-9352-f07c6f5f3ec9"
"uiGT-2b697180-9a22-4232-a053-e3ec5e66ccf5","YAzv-634c043a-dcb8-4c08-bb8d-2e5ca7251109"
"wkCO-53b9baaf-9247-4922-8e34-5c791d7dcc30","hWAl-df68540e-0ded-4d0d-9ee3-5458cfb92f5d"
"wkCO-53b9baaf-9247-4922-8e34-5c791d7dcc30","YAzv-634c043a-dcb8-4c08-bb8d-2e5ca7251109"
"wkCO-53b9baaf-9247-4922-8e34-5c791d7dcc30","hWAl-08917898-2864-4ca1-9b7e-a7b9e6b31733"
"wkCO-53b9baaf-9247-4922-8e34-5c791d7dcc30","wkCO-76e58998-9801-4a8e-a394-4c899aa84c4f"
"wkCO-53b9baaf-9247-4922-8e34-5c791d7dcc30","wkCO-76e58998-9801-4a8e-a394-4c899aa84c4f"
"wkCO-53b9baaf-9247-4922-8e34-5c791d7dcc30","hWAl-43e484c1-c829-4628-a573-d45c29d34f3b"
"wkCO-53b9baaf-9247-4922-8e34-5c791d7dcc30","wkCO-76e58998-9801-4a8e-a394-4c899aa84c4f"
"wkCO-76e58998-9801-4a8e-a394-4c899aa84c4f","wkCO-53b9baaf-9247-4922-8e34-5c791d7dcc30"
"wkCO-76e58998-9801-4a8e-a394-4c899aa84c4f","wkCO-53b9baaf-9247-4922-8e34-5c791d7dcc30"
"wkCO-76e58998-9801-4a8e-a394-4c899aa84c4f","wkCO-53b9baaf-9247-4922-8e34-5c791d7dcc30"
"YAzv-634c043a-dcb8-4c08-bb8d-2e5ca7251109","0IXz-1a27d0a9-2ecd-4a20-9352-f07c6f5f3ec9"
"YAzv-634c043a-dcb8-4c08-bb8d-2e5ca7251109","wkCO-53b9baaf-9247-4922-8e34-5c791d7dcc30"
"YAzv-634c043a-dcb8-4c08-bb8d-2e5ca7251109","hWAl-df68540e-0ded-4d0d-9ee3-5458cfb92f5d"
"YAzv-634c043a-dcb8-4c08-bb8d-2e5ca7251109","wkCO-53b9baaf-9247-4922-8e34-5c791d7dcc30"
"YAzv-634c043a-dcb8-4c08-bb8d-2e5ca7251109","hWAl-43e484c1-c829-4628-a573-d45c29d34f3b"
"YAzv-634c043a-dcb8-4c08-bb8d-2e5ca7251109","uiGT-2b697180-9a22-4232-a053-e3ec5e66ccf5"
"YAzv-634c043a-dcb8-4c08-bb8d-2e5ca7251109","hWAl-8be6cf73-6fa9-4662-81c8-f200ccefb0c6"
"YAzv-634c043a-dcb8-4c08-bb8d-2e5ca7251109","wkCO-53b9baaf-9247-4922-8e34-5c791d7dcc30"
"YAzv-634c043a-dcb8-4c08-bb8d-2e5ca7251109","uiGT-2b697180-9a22-4232-a053-e3ec5e66ccf5"
"YAzv-634c043a-dcb8-4c08-bb8d-2e5ca7251109","hWAl-8be6cf73-6fa9-4662-81c8-f200ccefb0c6"
"YAzv-634c043a-dcb8-4c08-bb8d-2e5ca7251109","dmVZ-81f8e3aa-a2d9-4879-a196-ee58b535635e"
"YAzv-634c043a-dcb8-4c08-bb8d-2e5ca7251109","dmVZ-81f8e3aa-a2d9-4879-a196-ee58b535635e"
"YAzv-634c043a-dcb8-4c08-bb8d-2e5ca7251109","hWAl-df68540e-0ded-4d0d-9ee3-5458cfb92f5d"
"YAzv-b7fe7e71-54fe-4c1f-aae8-3f0b5a01cf4d","YAzv-c36d6cd8-9afa-458f-9a32-3b8b9f84c4c8"
"YAzv-b7fe7e71-54fe-4c1f-aae8-3f0b5a01cf4d","0IXz-c765a17f-e799-4e5c-8f8a-c5f8eff4f16d"
"YAzv-b7fe7e71-54fe-4c1f-aae8-3f0b5a01cf4d","0IXz-027c071f-30d2-46af-9b68-6b9553137493"
"YAzv-b7fe7e71-54fe-4c1f-aae8-3f0b5a01cf4d","YAzv-e8d983a1-7cd9-4fd4-ad15-190068bf68f2"
"YAzv-b7fe7e71-54fe-4c1f-aae8-3f0b5a01cf4d","CWAd-3547bed4-f2a6-4d77-94c2-63f4bd48d0d8"
"YAzv-c36d6cd8-9afa-458f-9a32-3b8b9f84c4c8","0IXz-c765a17f-e799-4e5c-8f8a-c5f8eff4f16d"
"YAzv-c36d6cd8-9afa-458f-9a32-3b8b9f84c4c8","YAzv-e8d983a1-7cd9-4fd4-ad15-190068bf68f2"
"YAzv-c36d6cd8-9afa-458f-9a32-3b8b9f84c4c8","YAzv-b7fe7e71-54fe-4c1f-aae8-3f0b5a01cf4d"
"YAzv-c36d6cd8-9afa-458f-9a32-3b8b9f84c4c8","0IXz-027c071f-30d2-46af-9b68-6b9553137493"
"YAzv-c36d6cd8-9afa-458f-9a32-3b8b9f84c4c8","0IXz-027c071f-30d2-46af-9b68-6b9553137493"
"YAzv-c36d6cd8-9afa-458f-9a32-3b8b9f84c4c8","YAzv-b7fe7e71-54fe-4c1f-aae8-3f0b5a01cf4d"
"YAzv-c36d6cd8-9afa-458f-9a32-3b8b9f84c4c8","CWAd-0ff87703-74f3-43b7-8902-b63272ee8f37"
"YAzv-e8d983a1-7cd9-4fd4-ad15-190068bf68f2","0IXz-c765a17f-e799-4e5c-8f8a-c5f8eff4f16d"
"YAzv-e8d983a1-7cd9-4fd4-ad15-190068bf68f2","CWAd-0ff87703-74f3-43b7-8902-b63272ee8f37"
"YAzv-e8d983a1-7cd9-4fd4-ad15-190068bf68f2","0IXz-027c071f-30d2-46af-9b68-6b9553137493"
"YAzv-e8d983a1-7cd9-4fd4-ad15-190068bf68f2","CWAd-0ff87703-74f3-43b7-8902-b63272ee8f37"
"YAzv-e8d983a1-7cd9-4fd4-ad15-190068bf68f2","0IXz-c765a17f-e799-4e5c-8f8a-c5f8eff4f16d"
"YAzv-e8d983a1-7cd9-4fd4-ad15-190068bf68f2","0IXz-c765a17f-e799-4e5c-8f8a-c5f8eff4f16d"
"YAzv-e8d983a1-7cd9-4fd4-ad15-190068bf68f2","YAzv-b7fe7e71-54fe-4c1f-aae8-3f0b5a01cf4d"
"YAzv-e8d983a1-7cd9-4fd4-ad15-190068bf68f2","0IXz-027c071f-30d2-46af-9b68-6b9553137493"
"YAzv-e8d983a1-7cd9-4fd4-ad15-190068bf68f2","dmVZ-cd0ff9b7-41e2-4ffc-ad85-0290f6ad29dd"
"YAzv-e8d983a1-7cd9-4fd4-ad15-190068bf68f2","YAzv-c36d6cd8-9afa-458f-9a32-3b8b9f84c4c8"
"YAzv-e8d983a1-7cd9-4fd4-ad15-190068bf68f2","CWAd-3547bed4-f2a6-4d77-94c2-63f4bd48d0d8"
