a2701_numeric_max	a2702_numeric_max	strain_sharing_rate
4	4	13.636363636363635
4	4	8.461538461538462
3	3	11.702127659574469
4	4	13.186813186813188
4	4	41.935483870967744
4	4	10
4	3	30.434782608695656
4	1	0
4	4	3.7037037037037033
4	4	12.5
3	3	2.459016393442623
2	2	10.344827586206897
4	4	7.462686567164178
3	1	24.409448818897637
3	3	22.22222222222222
3	1	5.633802816901409
4	4	12
4	3	20
3	3	4.3478260869565215
4	1	10.714285714285714
4	3	12.380952380952381
4	3	22.61904761904762
4	4	12.962962962962962
1	1	12.121212121212121
4	4	11.818181818181818
4	4	19.318181818181817
4	3	12.5
4	1	24.242424242424242
4	4	5.769230769230769
4	4	9.803921568627452
4	4	1.7857142857142856
3	3	10
4	4	16.666666666666664
3	3	13.793103448275861
3	1	10.714285714285714
1	2	16.27906976744186
4	4	42.857142857142854
3	1	9.45945945945946
4	1	15.04424778761062
3	1	12.5
2	2	6.976744186046512
3	3	11.11111111111111
4	4	2.631578947368421
3	1	12.5
4	4	20.212765957446805
1	1	19.11764705882353
4	4	24.324324324324326
3	2	5.88235294117647
3	2	9.090909090909092
4	4	14.893617021276595
2	2	16.216216216216218
4	3	23.91304347826087
2	2	12.76595744680851
4	4	13.636363636363635
4	4	24.444444444444443
2	1	2.5
4	4	6.0606060606060606
4	4	6.896551724137931
4	2	7.954545454545454
4	4	6.578947368421052
3	3	6.593406593406594
4	4	14.87603305785124
4	4	3.389830508474576
4	4	21.568627450980394
4	4	4.25531914893617
4	1	6.25
4	4	21.69811320754717
3	3	16.8141592920354
4	3	10
4	1	0
4	4	4.166666666666666
4	4	15
4	4	14.516129032258066
4	4	10.76923076923077
4	4	17.142857142857142
3	1	0
4	4	12.5
4	3	9.375
4	4	16.666666666666664
3	3	11.76470588235294
4	4	7.936507936507936
3	3	10.76923076923077
4	2	8.24742268041237
4	4	16.666666666666664
4	4	22.972972972972975
4	4	6.666666666666667
4	4	2.631578947368421
4	4	17.105263157894736
4	3	18.51851851851852
4	1	7.6923076923076925
3	1	2.941176470588235
3	3	6.382978723404255
4	3	11.320754716981133
4	3	10
3	3	15.217391304347828
4	3	15.789473684210526
4	3	6.25
4	4	17.5
4	4	19.047619047619047
4	2	13.114754098360656
4	4	10.588235294117647
4	4	9.75609756097561
4	3	10.638297872340425
4	4	11.76470588235294
4	4	0
4	4	20.689655172413794
4	4	20.869565217391305
4	4	2.1739130434782608
4	4	12.5
4	4	0
4	4	30.434782608695656
4	4	13.636363636363635
4	4	44.57831325301205
3	3	5.555555555555555
4	4	9.090909090909092
2	2	10
4	4	20
4	4	18.421052631578945
4	4	21.153846153846153
3	3	2.083333333333333
4	4	1.7543859649122806
3	3	14.000000000000002
4	4	13.88888888888889
4	3	1.4925373134328357
4	3	7.8125
4	1	4.545454545454546
4	4	21.904761904761905
4	4	8
4	4	13.636363636363635
3	3	4.411764705882353
4	4	5.454545454545454
4	4	12.5
3	2	3.614457831325301
3	3	6.25
4	4	10.76923076923077
4	1	9.90990990990991
4	4	34.92063492063492
4	4	39.21568627450981
4	3	6.666666666666667
4	3	10.465116279069768
4	3	5.555555555555555
4	4	17.391304347826086
4	4	16.883116883116884
4	4	10
4	4	16.9811320754717
4	3	16.666666666666664
4	3	8.333333333333332
1	1	10.483870967741936
4	4	10.588235294117647
4	3	0
4	4	8.108108108108109
3	3	1.4925373134328357
3	4	0
4	4	14.457831325301203
4	4	40
4	4	19.480519480519483
4	1	16.94915254237288
4	4	9.230769230769232
2	2	1.694915254237288
4	4	6.451612903225806
4	4	4
4	3	8.860759493670885
3	3	9.649122807017543
4	4	7.746478873239436
4	1	20.74074074074074
4	4	10.687022900763358
4	4	15.873015873015872
4	1	12.056737588652481
4	3	0
4	3	0
3	3	2.631578947368421
3	1	4.444444444444445
4	4	13.414634146341465
4	4	6.024096385542169
4	4	3.8461538461538463
4	4	9.45945945945946
4	4	22.435897435897438
4	3	11.538461538461538
4	4	6.0606060606060606
4	4	2.3255813953488373
3	4	12.76595744680851
4	4	10.714285714285714
4	4	14.492753623188406
4	1	3.3333333333333335
3	3	18.823529411764707
3	3	5.88235294117647
4	4	0
4	1	16.94915254237288
4	4	20.54794520547945
4	1	2.380952380952381
4	4	14.516129032258066
4	4	23.684210526315788
4	4	18.181818181818183
4	4	16.822429906542055
4	4	28.125
4	4	13.043478260869565
4	4	7.6923076923076925
3	2	6.153846153846154
4	4	31.03448275862069
4	1	8.823529411764707
2	2	5.405405405405405
4	4	6
3	3	16.260162601626014
4	4	10.714285714285714
4	4	12
3	2	10.256410256410255
4	4	14.000000000000002
4	4	22.807017543859647
4	4	47.61904761904761
4	4	16.037735849056602
3	4	13.978494623655912
3	1	8
4	4	4.545454545454546
4	4	7.894736842105263
4	1	12.987012987012985
4	4	9.89010989010989
4	4	16.666666666666664
4	4	16.129032258064516
4	4	11.11111111111111
4	4	9.333333333333334
3	3	15.789473684210526
4	4	14.583333333333334
4	3	4
4	4	10
4	4	22.22222222222222
3	1	6.140350877192982
4	4	5.47945205479452
3	2	5.88235294117647
3	3	17.647058823529413
4	4	12.5
4	4	19.444444444444446
4	2	5.88235294117647
4	4	16.49484536082474
4	2	13.541666666666666
4	4	20.689655172413794
3	1	10
4	4	13.131313131313133
4	4	16.9811320754717
4	4	4.25531914893617
3	4	0
4	4	19.642857142857142
3	1	10.714285714285714
4	1	6.329113924050633
4	4	28.431372549019606
4	4	2.7777777777777777
4	4	6.25
4	4	6.896551724137931
4	4	47.27272727272727
3	1	1.8181818181818181
3	1	9.30232558139535
4	1	5.555555555555555
3	3	9.722222222222223
4	1	1.1904761904761905
2	2	3.076923076923077
4	4	12.380952380952381
4	4	19.753086419753085
3	1	9.195402298850574
4	4	2
4	2	5.042016806722689
4	1	14.285714285714285
4	3	4.054054054054054
1	2	38.961038961038966
4	4	5.063291139240507
4	4	19.230769230769234
4	4	16.50485436893204
4	1	8.974358974358974
4	4	2.631578947368421
4	4	24.137931034482758
4	4	10.76923076923077
4	4	7.865168539325842
4	4	7.954545454545454
4	4	13.157894736842104
4	4	10.112359550561797
4	3	7.228915662650602
2	1	2.4691358024691357
4	4	17.75700934579439
4	4	6.8181818181818175
3	1	10
4	4	18.91891891891892
4	3	10.256410256410255
4	4	12.676056338028168
4	2	9.859154929577464
4	4	12.32876712328767
4	4	3.75
4	3	23.943661971830984
4	4	3.79746835443038
4	4	10.126582278481013
4	4	11.363636363636363
4	3	6.547619047619048
4	4	9.090909090909092
2	2	25
4	4	44.285714285714285
4	3	17.1875
4	4	30.76923076923077
4	4	17.142857142857142
4	4	18.26086956521739
4	4	7.246376811594203
4	4	27.43362831858407
4	1	11.235955056179774
4	4	36.17021276595745
4	4	25
4	3	22.058823529411764
4	4	6.779661016949152
2	1	8.333333333333332
3	1	7.8125
4	4	27.710843373493976
4	4	14.814814814814813
4	2	17.741935483870968
4	4	19.51219512195122
4	3	16.901408450704224
4	4	22.033898305084744
3	1	2.127659574468085
4	4	14.285714285714285
4	4	17.346938775510203
4	4	23.214285714285715
1	1	2.272727272727273
4	4	12.307692307692308
4	4	6.944444444444445
4	4	10.1010101010101
4	4	4.918032786885246
3	1	20
4	4	13.333333333333334
4	4	5.208333333333334
4	4	18.01801801801802
4	4	18.681318681318682
3	3	5
4	4	14.130434782608695
4	4	10.81081081081081
3	3	6.25
4	4	36.36363636363637
4	4	37.142857142857146
4	1	2.5
3	1	0
4	4	38.70967741935484
2	1	12.711864406779661
4	4	11.11111111111111
4	4	11.688311688311687
4	1	17.28395061728395
3	3	18.91891891891892
4	4	4.3478260869565215
3	3	4.444444444444445
4	3	5.714285714285714
4	3	11.956521739130435
4	3	8.88888888888889
3	1	15.686274509803921
1	1	6.122448979591836
4	2	6.8493150684931505
4	3	5.714285714285714
4	4	9.803921568627452
4	4	26.47058823529412
4	4	26.47058823529412
4	4	8.955223880597014
4	3	8.333333333333332
4	4	9.67741935483871
4	4	16.666666666666664
4	4	21
4	4	15.217391304347828
3	3	13.513513513513514
4	4	17.105263157894736
4	4	15.853658536585366
4	3	8
4	4	18.181818181818183
4	4	23.52941176470588
4	1	5
4	4	8.108108108108109
4	1	2.564102564102564
3	3	3.614457831325301
4	4	16.666666666666664
4	4	26.82926829268293
3	2	12.345679012345679
1	1	17.36111111111111
3	1	4.651162790697675
4	1	6.382978723404255
4	3	15.463917525773196
4	4	14.5985401459854
4	4	9.433962264150944
4	3	16.3265306122449
4	4	8.333333333333332
4	4	2.564102564102564
4	4	7.042253521126761
4	4	6.722689075630252
4	4	6.086956521739131
4	4	13.846153846153847
4	1	1.7241379310344827
4	4	7.317073170731707
4	3	2.4390243902439024
4	4	28.695652173913043
3	1	0
4	4	21.311475409836063
4	1	11.11111111111111
4	4	18.461538461538463
3	3	21.21212121212121
4	4	9.615384615384617
4	4	11.538461538461538
4	4	12.121212121212121
4	2	2.083333333333333
4	4	9.090909090909092
4	4	0
4	4	14.049586776859504
3	1	4.545454545454546
4	4	2.7777777777777777
4	4	15
4	4	16.025641025641026
4	4	13.333333333333334
4	3	4.878048780487805
4	4	10.204081632653061
3	3	4.166666666666666
4	4	18.181818181818183
4	4	8
4	4	21.27659574468085
3	3	0
4	4	16.666666666666664
3	3	8.108108108108109
1	1	10
4	2	8
4	4	17.333333333333336
4	4	37
4	4	30.508474576271187
4	4	29.72972972972973
4	4	36.36363636363637
4	4	6.25
3	3	6.521739130434782
3	1	13.793103448275861
4	4	3.9215686274509802
4	1	10.16949152542373
4	4	20.634920634920633
4	4	14.285714285714285
3	2	5.128205128205128
3	1	8.536585365853659
4	1	2.4390243902439024
3	1	8.108108108108109
4	4	14.705882352941178
4	2	15.686274509803921
3	2	20.792079207920793
3	3	21.929824561403507
2	1	4
3	3	3.896103896103896
4	3	14.285714285714285
4	4	4.285714285714286
4	3	10.256410256410255
4	3	5.128205128205128
4	3	3.9215686274509802
4	3	0
4	3	7.017543859649122
4	4	21.27659574468085
4	3	7.142857142857142
2	1	3.296703296703297
4	4	11.428571428571429
4	4	6.666666666666667
4	3	4.444444444444445
4	3	6.25
4	4	14.40677966101695
4	4	5.263157894736842
1	1	15.217391304347828
3	2	2.083333333333333
2	1	3.125
4	4	0
4	2	3.508771929824561
3	3	8.75912408759124
4	4	10.112359550561797
3	4	4.3478260869565215
4	4	21.73913043478261
4	4	33.84615384615385
4	4	38.23529411764706
4	3	16.51376146788991
3	1	10.256410256410255
4	3	5.172413793103448
3	4	18.115942028985508
3	1	13.157894736842104
1	1	9.375
4	4	26.08695652173913
4	4	10.4
4	3	13.445378151260504
4	4	21.686746987951807
3	2	13.076923076923078
4	4	17.1875
4	4	12.643678160919542
4	1	0
4	4	8.695652173913043
4	4	2.127659574468085
3	2	3.3333333333333335
2	2	4
4	4	9.67741935483871
4	4	18.367346938775512
3	2	24.637681159420293
2	2	6.8181818181818175
2	2	7.352941176470589
4	4	36.84210526315789
3	4	0
4	4	6.481481481481481
4	4	6.081081081081082
4	2	4.424778761061947
4	4	22.36842105263158
4	4	5.333333333333334
3	1	6.0606060606060606
4	4	6.557377049180328
4	4	12.280701754385964
4	2	11.25
3	3	2.7777777777777777
4	4	5.714285714285714
4	3	3.0303030303030303
4	3	25.396825396825395
4	4	12.096774193548388
4	3	20.408163265306122
2	2	0
4	4	9.090909090909092
4	2	4.25531914893617
4	4	8.333333333333332
3	1	2.564102564102564
4	2	3.8461538461538463
3	3	10.714285714285714
4	3	4.054054054054054
4	4	37.3134328358209
4	4	7.042253521126761
4	4	20.930232558139537
3	1	2.631578947368421
3	1	13.541666666666666
4	4	9.090909090909092
4	1	9.836065573770492
3	3	15.151515151515152
4	4	11.34020618556701
4	4	6.730769230769231
3	3	7.042253521126761
4	4	13.461538461538462
4	4	20
2	2	7.0588235294117645
4	4	30.434782608695656
2	2	3.225806451612903
4	4	26.666666666666668
3	3	10.975609756097562
3	1	13.461538461538462
4	3	13.333333333333334
4	4	7.6923076923076925
3	1	7.042253521126761
4	4	21.666666666666668
3	3	12.5
4	3	9.859154929577464
3	1	6.315789473684211
4	2	17.46031746031746
4	3	17.77777777777778
4	1	5.88235294117647
4	4	23.076923076923077
4	4	10.44776119402985
4	3	9.210526315789473
4	3	10.38961038961039
3	2	18.75
2	2	10.294117647058822
4	4	13.698630136986301
4	4	23.14814814814815
3	4	13.385826771653544
4	4	9.195402298850574
4	4	8.47457627118644
4	4	17.073170731707318
4	3	12.676056338028168
4	4	17.94871794871795
4	4	22.388059701492537
4	4	1.8867924528301887
4	4	17.557251908396946
4	4	12.82051282051282
4	4	26.08695652173913
4	4	7.954545454545454
4	3	0
4	4	0
4	4	12.698412698412698
4	3	4.3478260869565215
4	4	13.924050632911392
3	2	0
3	2	0
4	4	1.8518518518518516
4	4	8.333333333333332
4	4	30.303030303030305
3	2	6.25
4	1	15.789473684210526
4	3	10.526315789473683
4	3	6.25
4	4	23.076923076923077
4	4	16
3	1	2.631578947368421
4	3	4.3478260869565215
4	4	4.444444444444445
4	1	13.20754716981132
4	1	1.639344262295082
4	3	14.754098360655737
4	4	19.298245614035086
4	4	6.349206349206349
4	4	11.428571428571429
4	4	7.894736842105263
4	4	8.421052631578947
3	1	8.974358974358974
4	3	1.4925373134328357
4	1	15.789473684210526
4	3	11.627906976744185
4	4	5.691056910569105
4	4	9.933774834437086
4	3	14.743589743589745
1	1	12.844036697247708
4	1	13.855421686746988
4	4	0
4	2	8.843537414965986
4	4	1.4285714285714286
4	3	2.083333333333333
4	4	19.791666666666664
4	4	8.695652173913043
4	1	3.8461538461538463
4	4	1.1904761904761905
3	1	8.928571428571429
2	2	11.76470588235294
4	4	2.7027027027027026
4	4	6.862745098039216
4	4	10.344827586206897
3	3	1.2195121951219512
4	4	24.817518248175183
4	2	6.25
3	3	6.172839506172839
4	3	8.433734939759036
4	4	11.11111111111111
4	1	6.666666666666667
2	2	16.666666666666664
4	4	5.357142857142857
4	3	9.58904109589041
3	2	26.666666666666668
4	4	20
4	3	5.405405405405405
4	4	9.803921568627452
4	3	6.896551724137931
4	2	12.903225806451612
4	4	6.666666666666667
4	4	6.944444444444445
4	3	3.571428571428571
4	1	18.487394957983195
4	4	1.1363636363636365
4	4	30.201342281879196
3	1	2.197802197802198
3	1	2.380952380952381
4	4	10.4
4	4	14.018691588785046
3	1	7.777777777777778
2	1	10.204081632653061
4	4	8.60215053763441
4	4	10.204081632653061
4	3	4.545454545454546
3	1	5.263157894736842
4	3	13.333333333333334
2	1	8.333333333333332
4	1	6.172839506172839
4	4	16.80672268907563
3	1	2.941176470588235
3	3	5.681818181818182
4	4	6
3	1	3.9215686274509802
4	4	4.411764705882353
4	2	6.349206349206349
2	2	3.6363636363636362
4	4	28.000000000000004
4	4	6.122448979591836
4	2	6.41025641025641
3	3	5.357142857142857
4	4	11.666666666666666
4	4	4.225352112676056
3	2	2.2222222222222223
4	3	17.647058823529413
3	1	4.545454545454546
3	2	12.931034482758621
4	1	2.5316455696202533
4	3	8.737864077669903
4	2	13.20754716981132
3	3	6.097560975609756
2	1	4.918032786885246
4	4	14.705882352941178
4	2	6.666666666666667
4	3	21.62162162162162
3	3	8.571428571428571
4	3	10.256410256410255
4	3	12.048192771084338
4	3	0
4	4	6.0606060606060606
4	2	3.0303030303030303
4	4	11.11111111111111
2	2	0
4	4	12.698412698412698
4	4	11.320754716981133
3	3	3.278688524590164
4	3	5.084745762711865
4	4	2.564102564102564
4	4	5.660377358490567
3	3	6.153846153846154
4	4	9.090909090909092
4	4	7.5
4	3	7.6923076923076925
3	3	1.8518518518518516
4	4	12.195121951219512
4	4	3
3	3	5.88235294117647
4	4	14.965986394557824
4	3	7.2727272727272725
2	1	9.090909090909092
3	2	16.129032258064516
4	1	2.666666666666667
4	4	6.666666666666667
4	4	14.864864864864865
4	3	6.666666666666667
4	4	10.666666666666668
4	4	9.67741935483871
4	1	2.631578947368421
4	3	22.22222222222222
3	1	7.246376811594203
3	2	3.3333333333333335
2	2	3.2520325203252036
4	2	14.705882352941178
3	3	4.225352112676056
3	3	11.607142857142858
4	2	0
4	4	0
4	4	12.5
4	4	12.903225806451612
4	4	12.727272727272727
3	3	9.615384615384617
4	4	13.725490196078432
4	4	10.975609756097562
2	1	1.3888888888888888
3	4	4.545454545454546
4	4	10.344827586206897
4	4	12.5
2	2	6.25
4	2	7.142857142857142
4	4	10.76923076923077
3	3	10
4	3	28.205128205128204
4	4	11.666666666666666
4	4	24.778761061946902
4	4	11.627906976744185
4	4	21.62162162162162
4	4	10.526315789473683
4	4	27.27272727272727
3	3	6.666666666666667
4	4	16
3	3	23.636363636363637
4	4	6.976744186046512
4	3	9.375
4	4	16
3	3	9.090909090909092
2	2	20.37037037037037
4	4	11.11111111111111
4	3	14.285714285714285
4	3	8.333333333333332
3	3	6.1946902654867255
4	4	12.5
3	1	13.253012048192772
2	2	8
2	1	3.076923076923077
3	3	6.451612903225806
3	1	0
4	4	3.7037037037037033
4	4	11.940298507462686
4	3	10.526315789473683
4	4	13.043478260869565
4	4	53.57142857142857
3	1	7.352941176470589
4	1	7.5
3	3	6.25
3	3	3.225806451612903
3	3	5.88235294117647
4	3	6
3	1	4.819277108433735
4	2	28.35820895522388
4	4	21.518987341772153
4	4	10.227272727272728
3	1	2.857142857142857
3	1	6.666666666666667
3	1	2.941176470588235
3	4	4.411764705882353
4	3	3.0303030303030303
4	4	9.375
4	4	6.557377049180328
4	3	16.666666666666664
3	2	6.382978723404255
4	3	10.638297872340425
4	4	21.052631578947366
4	3	13.636363636363635
2	2	28.57142857142857
3	2	6.666666666666667
4	4	3.389830508474576
4	3	1.8518518518518516
3	3	4.3478260869565215
4	4	7.4074074074074066
4	3	0
4	4	21.53846153846154
4	4	16.831683168316832
3	1	9.090909090909092
4	4	14.634146341463413
4	4	14.285714285714285
4	4	19.402985074626866
4	4	20.98765432098765
4	4	20.98765432098765
4	4	31.496062992125985
4	4	32.89473684210527
4	4	9.090909090909092
4	4	5.555555555555555
4	4	4.761904761904762
4	4	25.71428571428571
4	4	27.058823529411764
3	3	3.7037037037037033
4	4	7.6923076923076925
4	4	8.620689655172415
4	3	15.517241379310345
4	3	16
4	4	3.571428571428571
4	3	8.108108108108109
4	4	15
4	3	9.375
4	3	2.631578947368421
4	4	1.5384615384615385
4	4	22.916666666666664
4	1	11.904761904761903
4	4	7.894736842105263
4	4	11.475409836065573
3	4	4.098360655737705
4	3	20.238095238095237
4	4	3.3333333333333335
3	1	4
2	1	8.333333333333332
4	4	11.320754716981133
3	1	1.4492753623188406
4	3	7.4074074074074066
3	3	6.25
4	4	40.74074074074074
4	4	29.850746268656714
2	1	7.6923076923076925
3	3	0
4	3	7.4074074074074066
4	4	36.0655737704918
4	3	10.714285714285714
4	3	9.090909090909092
4	4	13.636363636363635
4	4	2.941176470588235
4	4	25.49019607843137
4	4	11.320754716981133
4	4	4
4	4	0
4	4	12.244897959183673
3	3	4.3478260869565215
4	4	8.235294117647058
4	1	7.6923076923076925
4	4	23.52941176470588
4	1	2.941176470588235
4	4	17.391304347826086
4	4	6
4	4	4.444444444444445
4	4	6.382978723404255
4	3	2.083333333333333
4	4	10.869565217391305
4	4	17.708333333333336
4	3	12.096774193548388
4	4	23.333333333333332
4	4	19.444444444444446
4	4	15.476190476190476
4	2	17.77777777777778
4	4	7.317073170731707
3	1	1.4492753623188406
4	3	5.555555555555555
4	3	3.8461538461538463
4	4	12.82051282051282
3	3	2.197802197802198
4	4	16.666666666666664
4	4	13.636363636363635
4	4	26.47058823529412
4	3	11.11111111111111
4	4	38.20224719101123
4	4	25.842696629213485
1	1	6.153846153846154
4	4	21.59090909090909
3	3	6.25
4	4	4.545454545454546
3	3	3.0303030303030303
3	3	14.705882352941178
2	2	4.918032786885246
4	2	32
1	2	17.02127659574468
4	1	12.222222222222221
1	1	5.063291139240507
4	4	18.181818181818183
4	1	6.25
4	3	11.428571428571429
3	3	9.090909090909092
4	4	12.857142857142856
4	3	14.084507042253522
4	2	0
4	4	10.204081632653061
4	2	1.2195121951219512
4	4	9.734513274336283
4	2	7.766990291262135
4	1	5.952380952380952
4	2	2.564102564102564
2	2	0
4	1	0
4	1	5.714285714285714
2	1	5.88235294117647
4	1	4.026845637583892
4	4	11.11111111111111
4	4	39.436619718309856
4	1	0
4	4	10.526315789473683
4	2	14.285714285714285
3	3	8.19672131147541
4	1	5
4	4	31.57894736842105
4	3	10
4	4	13.793103448275861
4	3	14.285714285714285
4	3	5
4	4	10.227272727272728
4	4	19.27710843373494
4	3	16.071428571428573
3	1	4.081632653061225
2	1	4.424778761061947
3	3	11.76470588235294
4	4	20.863309352517987
4	4	14.102564102564102
4	4	15.217391304347828
4	4	5.797101449275362
4	4	3.571428571428571
4	4	1.694915254237288
4	4	10.294117647058822
3	1	0
4	4	10.294117647058822
3	3	16.666666666666664
4	4	18.84057971014493
3	1	7.317073170731707
4	3	20.689655172413794
4	4	6.8181818181818175
4	3	22.22222222222222
3	1	4
4	2	1.4492753623188406
3	2	0
2	2	12.5
4	4	13.793103448275861
3	1	2.7777777777777777
4	3	9.523809523809524
2	1	2
3	3	2.4390243902439024
3	4	9.876543209876543
3	2	5.633802816901409
3	3	12.5
1	1	0
3	3	11.864406779661017
4	4	15.66265060240964
4	1	12
4	3	12.5
3	3	11.627906976744185
3	1	15.254237288135593
4	4	16.39344262295082
4	1	5
4	3	3.1746031746031744
3	1	10.588235294117647
4	2	6.41025641025641
4	4	16.666666666666664
4	4	11.224489795918368
4	4	8.16326530612245
4	4	16.666666666666664
3	3	2.272727272727273
4	3	14.666666666666666
3	3	12.5
4	1	11.235955056179774
4	2	10.44776119402985
3	1	12.5
4	4	18.51851851851852
4	4	11.538461538461538
4	1	19.387755102040817
3	3	18.181818181818183
4	4	11.11111111111111
4	1	12.658227848101266
4	4	5.88235294117647
4	4	16.666666666666664
4	3	6.25
3	3	3.125
3	3	9.782608695652174
4	4	8.333333333333332
4	4	25.806451612903224
4	4	16.923076923076923
4	4	32
4	4	16.853932584269664
2	2	2.5
4	3	19.791666666666664
3	3	25.423728813559322
1	1	4.25531914893617
4	4	11.76470588235294
4	3	5.555555555555555
4	3	5.660377358490567
4	1	8.974358974358974
4	4	14.285714285714285
3	2	2.272727272727273
4	4	17.073170731707318
4	4	31.666666666666664
4	3	10.256410256410255
4	2	5.714285714285714
4	4	15.053763440860216
4	3	8.450704225352112
3	4	17.02127659574468
4	4	11.538461538461538
4	4	14.285714285714285
4	4	33.69565217391305
1	1	3.3333333333333335
4	3	9.090909090909092
4	4	24.137931034482758
4	4	16.666666666666664
3	3	5.797101449275362
4	1	6.153846153846154
4	4	8.955223880597014
4	3	8.620689655172415
4	3	18.867924528301888
4	3	21.27659574468085
4	3	1.9607843137254901
4	4	6.382978723404255
4	4	7.5
4	4	30.434782608695656
4	4	10.95890410958904
3	1	4.651162790697675
4	4	2.7027027027027026
4	2	0
4	4	14.285714285714285
4	4	41.37931034482759
4	4	18.26086956521739
3	3	21.774193548387096
4	4	40.36697247706422
4	4	26.851851851851855
4	4	1.3888888888888888
4	4	23.809523809523807
4	4	5.263157894736842
4	4	6.25
2	1	4.411764705882353
4	4	11.538461538461538
4	4	4.918032786885246
4	4	4.411764705882353
4	4	6.172839506172839
4	1	4.761904761904762
4	4	7.6923076923076925
4	4	10.112359550561797
3	3	16.842105263157894
4	4	3.0303030303030303
4	4	10.416666666666668
3	1	5.797101449275362
4	1	15.267175572519085
4	4	14.705882352941178
3	4	6.896551724137931
4	4	3.389830508474576
4	4	12.195121951219512
4	4	23.423423423423422
3	3	11.320754716981133
4	4	8.064516129032258
3	2	4.081632653061225
4	1	9.75609756097561
4	4	1.8518518518518516
3	1	2.127659574468085
3	3	6.521739130434782
3	3	8.24742268041237
3	3	18.333333333333332
2	1	5.747126436781609
2	2	1.7241379310344827
4	4	6.382978723404255
3	2	5.555555555555555
4	3	2.5
4	4	6.976744186046512
4	1	6.578947368421052
4	1	32.87671232876712
3	1	0
4	3	6.382978723404255
3	3	10.1010101010101
4	4	20.238095238095237
4	1	6.666666666666667
4	3	8.333333333333332
4	4	20.98765432098765
4	4	30.952380952380953
4	2	0
4	1	46.666666666666664
4	4	18.75
4	3	0
4	2	10.76923076923077
4	4	25.925925925925924
4	3	19.230769230769234
4	4	11.403508771929824
4	1	11.76470588235294
4	3	4.166666666666666
3	1	11.347517730496454
4	4	4.166666666666666
3	1	13.675213675213676
4	2	22.22222222222222
2	2	11.224489795918368
4	4	28.455284552845526
4	4	12.5
4	1	19.148936170212767
3	3	17.475728155339805
4	3	2.898550724637681
1	1	32.06106870229007
4	4	20.652173913043477
4	2	4.040404040404041
4	3	3.225806451612903
3	3	8.695652173913043
4	4	8
4	4	16.666666666666664
3	1	9.00900900900901
4	3	15.66265060240964
4	4	30.526315789473685
3	1	5.555555555555555
3	3	10
4	4	30.18867924528302
4	4	18.181818181818183
4	4	19.230769230769234
4	4	16.216216216216218
4	3	4.464285714285714
4	3	4.166666666666666
2	2	15.107913669064748
3	2	1.0101010101010102
4	1	0
3	2	10.81081081081081
4	1	6.666666666666667
4	4	3.7037037037037033
4	4	9.615384615384617
4	4	6.944444444444445
4	4	12.949640287769784
3	3	3.278688524590164
4	4	5.319148936170213
4	4	9.58904109589041
2	1	3.0534351145038165
4	4	25
4	4	14.772727272727273
4	4	13.095238095238097
4	4	10.294117647058822
4	4	9.876543209876543
4	4	12.5
4	4	9.230769230769232
4	4	18.823529411764707
4	4	18.34862385321101
4	4	22.929936305732486
4	4	90.22988505747126
2	2	10
4	4	9.30232558139535
3	3	1.3157894736842104
4	3	6
4	4	7.017543859649122
4	2	12.068965517241379
4	4	6.5420560747663545
3	3	6.493506493506493
4	4	5.660377358490567
4	4	7.8125
4	4	8.045977011494253
4	4	10.714285714285714
4	4	22.727272727272727
4	3	9.58904109589041
4	4	10.588235294117647
3	3	16.51376146788991
4	4	18.01801801801802
4	4	6.25
4	4	16
4	4	15.789473684210526
4	4	18.39080459770115
2	2	14.705882352941178
4	4	22.857142857142858
3	1	8.450704225352112
2	2	10.204081632653061
3	3	27.77777777777778
4	4	15.384615384615385
4	3	5.263157894736842
4	4	12
4	4	13.953488372093023
4	4	24.390243902439025
3	3	11.475409836065573
3	1	4.838709677419355
4	1	6.0606060606060606
4	4	14.166666666666666
4	1	4.838709677419355
4	1	12.5
4	4	9.090909090909092
4	1	7.6923076923076925
4	4	7.6923076923076925
4	3	9.63855421686747
4	4	19.444444444444446
4	3	0
2	2	3.571428571428571
4	4	11.650485436893204
4	3	9.63855421686747
2	1	4.651162790697675
2	2	6.329113924050633
3	2	4.081632653061225
3	3	2.564102564102564
3	2	3.0303030303030303
3	2	6.976744186046512
1	1	17.307692307692307
4	4	27.27272727272727
4	3	3.571428571428571
2	2	7.6923076923076925
2	2	13.461538461538462
4	4	18.421052631578945
4	3	5.172413793103448
4	4	8.695652173913043
4	3	3.3333333333333335
3	3	5.88235294117647
4	3	4.878048780487805
4	4	2.631578947368421
3	2	7.6923076923076925
3	2	12.162162162162163
4	4	9.836065573770492
4	4	20.5607476635514
4	4	12.844036697247708
4	4	13.793103448275861
4	4	26.89655172413793
4	4	17.829457364341085
4	4	10
4	3	1.694915254237288
4	3	10.256410256410255
4	4	9.090909090909092
4	3	22.916666666666664
4	4	33.69565217391305
4	4	3.6585365853658534
3	3	5.084745762711865
4	3	11.827956989247312
4	4	14.529914529914532
4	2	6
4	4	26.666666666666668
4	4	10.526315789473683
4	4	7.246376811594203
4	4	40.816326530612244
3	2	3.571428571428571
4	3	4.6875
4	4	10
4	3	7.142857142857142
3	1	3.076923076923077
4	4	11
4	1	9.375
4	4	15.11627906976744
4	2	7.6923076923076925
4	4	23.809523809523807
3	1	9.195402298850574
4	4	10.126582278481013
4	4	15.454545454545453
4	1	0
4	1	0
4	3	6.349206349206349
4	4	8.064516129032258
4	4	25
4	2	8.51063829787234
4	4	16.071428571428573
3	3	17.829457364341085
4	4	4.225352112676056
4	4	31.818181818181817
4	4	2.9850746268656714
4	4	19.886363636363637
4	3	10.16949152542373
3	3	10.909090909090908
3	2	10.526315789473683
4	4	12.857142857142856
4	4	8.51063829787234
4	4	4.761904761904762
4	4	3.8461538461538463
4	4	0
3	3	17.307692307692307
3	2	14.583333333333334
3	3	0
3	1	2.631578947368421
4	4	14.492753623188406
4	4	12.195121951219512
4	4	3.8461538461538463
4	3	21.176470588235293
4	4	25.287356321839084
3	1	5.681818181818182
4	1	10.526315789473683
4	4	15.384615384615385
4	3	3.1746031746031744
3	2	3.296703296703297
4	3	13.043478260869565
4	4	11.320754716981133
4	4	10.909090909090908
4	3	5
4	4	12
4	4	8.88888888888889
4	4	23.4375
3	2	13.043478260869565
2	1	4.716981132075472
4	4	3.225806451612903
3	3	8.333333333333332
4	4	17.543859649122805
4	1	7.142857142857142
4	4	29.1044776119403
4	3	51.11111111111111
4	3	12.5
4	4	6.25
4	4	12.962962962962962
3	3	1.5625
3	2	6.451612903225806
4	4	12.76595744680851
3	3	5
4	4	5.660377358490567
4	3	9.734513274336283
4	4	4.444444444444445
3	1	0
4	4	40.50632911392405
4	4	44.31818181818182
4	4	11.594202898550725
3	3	7.865168539325842
3	3	7.6923076923076925
2	1	3.571428571428571
4	3	10.309278350515463
4	3	12.195121951219512
4	4	13.333333333333334
4	4	23.809523809523807
4	4	5.47945205479452
4	1	4.411764705882353
1	1	5.1020408163265305
1	1	15.555555555555555
2	2	4
4	4	0
3	3	3.7037037037037033
3	1	5
4	2	14.814814814814813
3	3	10
3	1	3.4482758620689653
3	2	16.091954022988507
4	4	4.878048780487805
4	4	0
4	3	11.904761904761903
4	4	8.823529411764707
4	4	0
4	3	8.737864077669903
4	1	5.769230769230769
4	1	6.25
3	3	12.698412698412698
4	4	24.561403508771928
4	1	12.781954887218044
3	2	16.551724137931036
4	1	4.25531914893617
4	4	7.142857142857142
3	2	1.7543859649122806
4	4	21.73913043478261
4	3	18.181818181818183
4	4	25
4	4	6.8181818181818175
4	1	13.20754716981132
4	1	7.8125
4	4	9.803921568627452
4	3	0
4	4	6.451612903225806
3	1	4.444444444444445
4	4	8.620689655172415
4	4	10.714285714285714
4	4	24.836601307189543
2	3	4.081632653061225
1	2	5.084745762711865
4	3	5.128205128205128
4	3	4.081632653061225
4	3	28.57142857142857
4	2	5.208333333333334
4	3	17.77777777777778
4	3	10.344827586206897
4	4	22.058823529411764
3	1	1.9230769230769231
4	4	13.88888888888889
1	1	8.547008547008547
2	2	0
4	2	9.30232558139535
1	1	2.5316455696202533
4	3	6.666666666666667
4	1	8.064516129032258
4	4	11.666666666666666
4	4	10.714285714285714
4	4	10.638297872340425
4	2	0
3	2	7.0588235294117645
4	4	15.463917525773196
4	1	22.22222222222222
4	2	12.5
4	4	11.538461538461538
4	2	7.246376811594203
4	4	15
4	4	0
4	2	15.151515151515152
4	4	10.429447852760736
2	2	11.11111111111111
4	4	12.121212121212121
3	4	4.545454545454546
4	4	44.61538461538462
4	4	10
4	3	6.25
4	4	3.225806451612903
4	4	3.3333333333333335
4	2	3.571428571428571
3	2	0
4	3	0
4	4	30
3	1	2.941176470588235
4	3	2.0408163265306123
4	4	26.229508196721312
4	4	17.28395061728395
4	3	2.631578947368421
4	4	4.878048780487805
3	2	8.47457627118644
4	4	13.978494623655912
3	1	3.3333333333333335
4	4	2.631578947368421
4	4	3.3333333333333335
3	1	7.5
4	4	3.9215686274509802
4	4	5.5045871559633035
4	4	11.538461538461538
4	4	25
4	3	6.8181818181818175
4	4	13.333333333333334
4	2	16.363636363636363
2	2	12.5
3	3	23.52941176470588
3	3	9
4	2	10.416666666666668
4	2	13.88888888888889
3	3	29.333333333333332
3	1	1.5625
4	4	28.37837837837838
4	4	19.27710843373494
4	4	8.333333333333332
4	3	1.9230769230769231
4	4	12.5
4	2	7.017543859649122
4	4	16.666666666666664
4	3	11.428571428571429
3	1	3.9473684210526314
4	3	0
4	1	7.6923076923076925
4	4	11.904761904761903
2	2	6.593406593406594
4	4	6.779661016949152
4	4	17.441860465116278
4	4	17.56756756756757
4	4	13.725490196078432
4	3	16
3	1	5.88235294117647
4	3	9.722222222222223
4	4	15.384615384615385
4	4	12.5
4	4	15.517241379310345
4	4	12.82051282051282
4	4	8
4	4	13.88888888888889
4	4	13.20754716981132
2	2	9.803921568627452
4	3	3.8461538461538463
4	3	5.263157894736842
1	1	8.571428571428571
3	3	11.627906976744185
4	4	4.166666666666666
4	3	4.938271604938271
4	3	2.898550724637681
4	2	7.317073170731707
4	4	6.779661016949152
4	4	2.272727272727273
4	4	13.432835820895523
4	3	10
4	4	22.78481012658228
4	4	13.636363636363635
4	4	4.444444444444445
4	4	24.637681159420293
4	4	4.615384615384616
3	3	39.743589743589745
4	4	12.173913043478262
4	3	1.6666666666666667
4	3	7.142857142857142
4	4	4.545454545454546
4	4	6.024096385542169
4	4	11.11111111111111
4	2	13.978494623655912
3	1	5.454545454545454
4	1	5.660377358490567
4	4	10.344827586206897
3	3	14.0625
3	3	8.51063829787234
4	4	5.88235294117647
4	4	6.976744186046512
4	3	9.333333333333334
3	3	8.641975308641975
4	4	6.0606060606060606
4	4	4.901960784313726
3	3	3.278688524590164
4	4	7.017543859649122
4	4	1.8518518518518516
3	1	8.16326530612245
4	4	2.73972602739726
3	2	7.526881720430108
3	2	6.896551724137931
4	3	0
4	4	8.333333333333332
4	2	13.636363636363635
4	4	28.846153846153843
3	3	3.0303030303030303
4	3	36.92307692307693
4	4	21.428571428571427
4	4	0
3	3	11.428571428571429
3	1	3.8461538461538463
3	3	2.5
4	1	3.4482758620689653
3	3	14.705882352941178
4	4	19.327731092436977
4	4	21.62162162162162
4	4	16.666666666666664
4	4	20.967741935483872
3	3	6.976744186046512
1	4	6.153846153846154
3	1	6.666666666666667
3	3	8.21917808219178
4	4	8.860759493670885
4	3	11.029411764705882
4	4	15.315315315315313
4	4	19.718309859154928
4	4	7.6923076923076925
4	1	0
3	3	20.909090909090907
4	4	16.666666666666664
3	1	7.59493670886076
4	4	11.494252873563218
4	4	20.73170731707317
2	1	4.081632653061225
4	2	8.47457627118644
3	3	10.666666666666668
3	2	1.3888888888888888
4	4	17.857142857142858
3	2	4.545454545454546
3	2	13.392857142857142
4	4	34.58646616541353
4	4	14.084507042253522
3	3	21.839080459770116
4	4	28.169014084507044
4	3	15.151515151515152
4	4	6.666666666666667
4	3	3.3333333333333335
4	4	7.291666666666667
4	4	7.317073170731707
4	3	5.405405405405405
4	4	4.444444444444445
4	4	13.48314606741573
4	4	6.382978723404255
4	4	11.39240506329114
3	2	1.7543859649122806
4	4	15.789473684210526
4	3	15.66265060240964
4	3	15.909090909090908
4	4	12.5
4	4	9.183673469387756
4	4	13.846153846153847
4	4	7.6923076923076925
4	4	13.461538461538462
4	3	6.153846153846154
2	1	5.633802816901409
1	1	2.2222222222222223
4	4	17.5
4	4	8.695652173913043
3	1	0
4	3	4.25531914893617
4	4	10.638297872340425
3	1	8.333333333333332
4	4	20.967741935483872
3	2	12.068965517241379
4	4	6.666666666666667
4	4	22.340425531914892
3	1	20
4	4	16
4	3	13.333333333333334
4	4	21.052631578947366
4	4	10
3	1	6.122448979591836
4	4	8.16326530612245
4	3	11.11111111111111
3	3	4.545454545454546
1	1	0
4	4	17.94871794871795
4	4	28.333333333333332
2	1	7.894736842105263
4	4	14.583333333333334
4	3	8.045977011494253
2	1	3.8461538461538463
4	4	5.88235294117647
4	4	25.6198347107438
1	1	5.405405405405405
4	4	32.5
1	2	7.6923076923076925
2	2	5.952380952380952
3	1	9.75609756097561
4	4	15.151515151515152
4	1	5.617977528089887
4	4	4.032258064516129
4	4	2
4	3	12.195121951219512
4	1	6.593406593406594
3	3	10.294117647058822
4	3	6.422018348623854
2	1	5.084745762711865
4	4	9.25925925925926
4	4	12.781954887218044
4	4	19.587628865979383
4	4	14.516129032258066
4	4	6.956521739130435
4	4	4.918032786885246
4	4	4.761904761904762
4	4	18.085106382978726
1	1	25.510204081632654
4	4	18.0327868852459
4	3	4.672897196261682
4	4	8.333333333333332
3	3	15.454545454545453
3	3	12.121212121212121
4	2	0
4	4	24.074074074074073
4	4	14.583333333333334
4	4	22.61904761904762
4	4	12.269938650306749
4	4	14.563106796116504
4	2	14.457831325301203
4	4	25.925925925925924
4	4	22.807017543859647
4	4	15.789473684210526
4	4	17.307692307692307
4	3	3.7383177570093453
4	4	10.204081632653061
4	4	22.35294117647059
1	1	20.238095238095237
4	4	12.631578947368421
4	2	11.320754716981133
4	4	20.66115702479339
4	1	11.494252873563218
4	1	11.666666666666666
3	1	15.217391304347828
4	1	10.714285714285714
4	4	36.36363636363637
4	4	20
2	1	4.25531914893617
4	1	6.896551724137931
4	3	15.294117647058824
4	1	8.064516129032258
3	1	5.88235294117647
4	3	27.049180327868854
4	4	13.432835820895523
4	2	5.263157894736842
4	4	4
3	1	8.235294117647058
4	4	11.827956989247312
4	4	5.797101449275362
4	4	11.320754716981133
4	4	5.1020408163265305
4	4	13.88888888888889
4	4	40.27777777777778
4	4	36.17021276595745
4	4	34.78260869565217
4	3	15
4	4	24.137931034482758
4	1	18.055555555555554
4	3	23.52941176470588
4	1	5.714285714285714
4	2	13.725490196078432
4	4	32.857142857142854
3	3	15.555555555555555
4	4	5.714285714285714
4	4	1.9230769230769231
3	3	0
4	4	13.461538461538462
4	3	11.594202898550725
4	4	20.388349514563107
4	3	12.941176470588237
4	3	4.545454545454546
4	4	7.575757575757576
4	4	15.151515151515152
4	4	2.857142857142857
4	3	9.230769230769232
4	4	7.5
4	4	4.761904761904762
3	1	4.878048780487805
4	4	29.82456140350877
4	4	7.6923076923076925
4	4	6.122448979591836
4	4	12.587412587412588
4	4	13.333333333333334
3	1	15.306122448979592
4	1	8.108108108108109
4	1	7.07070707070707
4	4	16
3	1	18.367346938775512
3	3	9.230769230769232
4	4	18.51851851851852
4	4	2.564102564102564
3	1	7.462686567164178
4	1	7.526881720430108
4	4	4.49438202247191
4	1	12.962962962962962
4	3	6.349206349206349
4	2	4.651162790697675
4	3	10
4	4	5.084745762711865
4	4	39.2
3	3	11.76470588235294
4	4	5.357142857142857
4	4	10.416666666666668
4	3	9.722222222222223
4	4	19.642857142857142
4	3	1.8518518518518516
4	3	1.8518518518518516
3	3	1.694915254237288
3	2	0
4	3	8.333333333333332
1	2	1.9230769230769231
3	2	3.3707865168539324
3	3	3.418803418803419
4	4	6.315789473684211
4	3	3.3333333333333335
4	4	9.523809523809524
4	3	18.51851851851852
3	1	18.939393939393938
4	4	8.974358974358974
4	4	4.10958904109589
4	4	8.737864077669903
4	4	14.285714285714285
4	4	5.633802816901409
4	4	23.076923076923077
4	4	13.333333333333334
4	4	10.638297872340425
4	4	27.11864406779661
4	4	24.731182795698924
4	4	14.117647058823529
3	4	14.925373134328357
4	1	6.521739130434782
4	4	21.176470588235293
4	4	5.797101449275362
4	4	13.043478260869565
3	1	2.380952380952381
4	4	18.181818181818183
4	4	13.559322033898304
4	3	22.22222222222222
4	4	17.543859649122805
4	4	7.6923076923076925
4	4	3.7037037037037033
4	4	14.814814814814813
4	3	4
4	2	7.142857142857142
3	2	3.9215686274509802
